,feature_1,feature_2,feature_3,sum_hist_purch_amount,mean_hist_purch_amount,std_hist_purch_amount,min_hist_purch_amount,max_hist_purch_amount,authorized_flag,city_id,category_1,merchant_category_id,merchant_id,state_id,subsector_id,purchase_year,purchase_month,weekofyear,dayofweek,weekend,hour,category2_1.0,category2_2.0,category2_3.0,category2_4.0,category2_5.0,category3_A,category3_B,category3_C,hist_installments_sum,hist_installments_mean,hist_installments_max,hist_installments_min,hist_installments_nunique,hist_month_lag_sum,hist_month_lag_mean,hist_month_lag_max,hist_month_lag_min,hist_month_lag_nunique,hist_month_diff_sum,hist_month_diff_mean,hist_month_diff_max,hist_month_diff_min,hist_month_diff_nunique
0,2,1,0,-74.40966575978464,-1.0055360237808735,0.33264926313634047,-1.3453244095458203,0.20893912846933219,1,297,0,705,0,9,27,2017,7,39,5,1,13,1,0,0,0,0,0,1,0,112,1.5135135135135136,6,-1,5,-212,-2.864864864864865,0,-5,6,1360,18.37837837837838,21,15,7
1,2,2,0,-27.54557343762067,-1.2520715198918486,0.05041815528542966,-1.3214948240499418,-1.0865129616315126,1,69,0,560,156,9,34,2017,1,2,1,0,15,1,0,0,0,0,1,0,0,0,0.0,0,0,1,-156,-7.090909090909091,-1,-13,10,458,20.818181818181817,27,15,12
2,1,3,0,-114.41117685122128,-1.2171401792683116,0.16095014307444647,-1.371037225406159,-0.4882026473307388,1,212,0,80,42,4,37,2017,4,16,2,0,13,0,0,0,1,0,0,1,0,95,1.0106382978723405,2,1,2,-477,-5.074468085106383,0,-9,10,2153,22.904255319148938,27,17,11
3,5,1,1,-23.61107426791458,-0.8141749747556752,0.5984672995752002,-1.305178924410557,1.621618516753666,1,33,0,734,75,15,25,2017,2,8,0,0,13,1,0,0,0,0,0,1,0,27,0.9310344827586207,1,-1,2,-69,-2.3793103448275863,0,-5,6,465,16.03448275862069,19,13,7
4,4,2,0,-11.14365587107817,-1.01305962464347,0.23940202252096274,-1.291472955291561,-0.44718778937497633,1,69,0,705,142,9,33,2017,1,4,0,1,21,1,0,0,0,0,0,1,0,11,1.0,1,1,1,-14,-1.2727272727272727,0,-2,3,287,26.09090909090909,27,25,3
5,1,1,0,-441.24476571065605,-0.8932080277543645,0.5803259284037641,-1.3593260569540955,3.9673798188379736,1,51,0,307,14,16,19,2017,7,30,5,0,13,1,0,0,0,0,0,1,0,516,1.0445344129554657,10,-1,6,-2751,-5.568825910931174,0,-11,12,9524,19.279352226720647,25,13,13
6,5,1,1,-105.53383996282143,-0.9956022638002022,0.30126399834991047,-1.3163254114855747,0.24286383012180654,1,62,0,307,136,9,19,2017,8,48,5,0,8,1,0,0,0,0,0,1,0,120,1.1320754716981132,6,1,4,-536,-5.056603773584905,-1,-10,10,1990,18.77358490566038,24,14,11
7,2,3,0,0.09047992522297987,0.0069599942479215285,0.9197561740226478,-1.3680817815936512,0.9215507775460947,1,-1,1,550,5,-1,3,2017,12,49,2,0,11,1,0,0,0,0,0,0,1,54,4.153846153846154,10,1,4,-21,-1.6153846153846154,0,-2,3,203,15.615384615384615,16,14,3
8,4,3,0,-225.71552925302396,-1.0596973204367321,0.28764786500715667,-1.3522717114435345,0.044064233578129094,1,278,0,307,9,5,37,2017,12,48,6,0,16,0,0,0,0,1,0,1,0,254,1.192488262910798,10,-1,8,-515,-2.4178403755868545,0,-6,7,3449,16.1924882629108,19,13,7
9,3,3,1,-49.2908685025051,-0.9664876176961784,0.3026222891388818,-1.3505303462393812,0.24171988977057962,1,42,0,278,0,19,37,2017,1,2,3,0,12,0,0,1,0,0,1,0,0,0,0.0,0,0,1,-178,-3.4901960784313726,0,-7,8,877,17.19607843137255,21,14,7
10,3,2,1,-48.54608345089511,-1.2136520862723779,0.16011051867669004,-1.3516909065023899,-0.6853481918877296,1,158,0,705,43,15,33,2017,1,3,0,0,9,1,0,0,0,0,1,0,0,3,0.075,1,0,2,-189,-4.725,0,-12,12,744,18.6,26,14,11
11,2,1,0,-45.95495156207455,-1.0444307173198761,0.3655110252415752,-1.3739420460547778,0.1931096801652996,1,137,0,705,122,19,33,2017,6,25,5,0,21,0,0,1,0,0,0,1,0,60,1.3636363636363635,7,-1,6,-159,-3.6136363636363638,0,-6,7,846,19.227272727272727,22,15,8
12,3,1,1,-40.07462063566282,-0.954157634182448,0.3540865834505515,-1.305178924410557,0.36512739908053543,1,245,0,879,0,14,29,2017,8,34,5,0,12,0,0,0,1,0,0,1,0,56,1.3333333333333333,5,1,5,-111,-2.642857142857143,0,-6,5,675,16.071428571428573,20,13,7
13,5,1,1,-61.27462122226096,-0.6316971260026903,0.5938304136164557,-1.3680817815936512,1.138285745471362,1,198,0,307,110,9,21,2017,12,48,4,0,8,1,0,0,0,0,0,1,0,164,1.690721649484536,10,-1,8,-201,-2.0721649484536084,0,-4,5,1528,15.75257731958763,18,13,6
14,5,1,1,-50.28578543090681,-1.0476205298105585,0.3245585043901861,-1.3389982267430809,0.1284167501114934,1,88,0,278,88,16,37,2017,2,37,2,0,15,1,0,0,0,0,0,1,0,48,1.0,1,1,1,-201,-4.1875,0,-12,13,861,17.9375,26,13,13
15,3,2,1,-41.227227122534146,-1.288350847579192,0.15978179081869787,-1.3651350858594011,-0.5434171373646668,1,69,0,80,45,9,37,2017,12,51,5,0,10,1,0,0,0,0,1,0,0,0,0.0,0,0,1,-59,-1.84375,0,-5,6,497,15.53125,19,13,7
16,3,2,1,-106.06628725048786,-1.1785143027831984,0.32247894101113794,-1.359384578999139,0.519157316618315,1,17,0,683,132,22,34,2017,1,4,4,0,17,0,0,0,1,0,1,0,0,2,0.022222222222222223,1,0,2,-511,-5.677777777777778,0,-13,13,1732,19.244444444444444,27,13,14
17,1,2,0,-3.6613799006898873,-0.6102299834483146,0.5800333992141657,-1.1773657977154253,0.04278370430878094,1,1,0,367,115,12,16,2018,1,1,5,1,13,1,0,0,0,0,0,0,1,13,2.1666666666666665,5,1,3,-6,-1.0,0,-2,3,85,14.166666666666666,15,13,3
18,3,3,1,-15.491743952034533,-0.44262125577241523,0.6462697383861806,-1.2617953327588183,1.0915545882559987,1,278,0,307,92,5,19,2017,11,46,2,0,0,0,0,0,0,1,0,1,0,105,3.0,11,-1,9,-80,-2.2857142857142856,0,-10,8,674,19.257142857142856,27,17,8
19,5,1,1,-3.6131678069885456,-0.40146308966539396,0.18751657249944062,-0.6358412642656853,-0.10023287340303524,1,333,0,307,103,21,19,2018,1,1,0,0,8,0,0,0,0,1,0,1,0,9,1.0,1,1,1,-6,-0.6666666666666666,0,-2,3,138,15.333333333333334,16,14,3
20,2,2,0,-8.847140992270687,-1.1058926240338358,0.18233709575645618,-1.3418687936747549,-0.8395433709734299,1,151,0,80,80,9,19,2017,1,1,2,0,11,1,0,0,0,0,1,0,0,1,0.125,1,0,2,-42,-5.25,-1,-10,5,174,21.75,27,18,4
21,2,3,0,-12.483493302990183,-0.7343231354700108,0.3955157729942003,-1.2151379364180979,-0.017752700831869975,1,137,0,884,84,19,27,2018,1,1,5,1,13,0,0,1,0,0,0,1,0,24,1.411764705882353,3,1,3,-16,-0.9411764705882353,0,-2,3,250,14.705882352941176,16,13,4
22,1,1,0,-63.78577405799216,-0.8392865007630547,0.4644537228365294,-1.3079539384347323,0.6450112648233255,1,158,0,879,56,15,29,2017,12,51,4,0,12,1,0,0,0,0,0,1,0,122,1.605263157894737,10,-1,8,-155,-2.039473684210526,0,-5,6,1200,15.789473684210526,18,13,6
23,2,2,0,-108.74987962422834,-1.0767314814280033,0.3047543902417904,-1.3680817815936512,0.30217093017739294,1,247,0,705,55,5,33,2017,8,24,1,0,17,0,0,0,0,1,1,0,0,4,0.039603960396039604,1,0,2,-542,-5.366336633663367,0,-10,10,2142,21.207920792079207,26,15,11
24,4,2,0,-10.914981247047383,-0.4042585647054586,0.6600426330540351,-1.2764971183079716,1.1947472100977248,1,102,0,705,109,23,33,2017,8,4,1,0,13,0,1,0,0,0,1,0,0,0,0.0,0,0,1,-98,-3.6296296296296298,0,-6,7,494,18.296296296296298,21,14,7
25,3,3,1,-24.890904853346488,-1.0371210355561036,0.2894818021566401,-1.2947035988721445,-0.1829437142938007,1,158,0,367,21,15,37,2017,6,22,5,1,14,1,0,0,0,0,1,0,0,0,0.0,0,0,1,-98,-4.083333333333333,0,-7,8,449,18.708333333333332,22,14,8
26,2,2,0,-28.78665649240225,-1.066172462681565,0.3205120920293162,-1.33613583834217,-0.07865741596664994,1,17,0,80,52,22,37,2017,2,5,0,0,14,0,0,0,1,0,1,0,0,0,0.0,0,0,1,-136,-5.037037037037037,0,-12,9,514,19.037037037037038,26,14,9
27,2,2,0,-3.158108497094201,-0.7895271242735502,0.15322891546174539,-0.907932459753414,-0.5644919948318899,1,17,0,307,116,22,19,2017,3,10,5,1,9,0,0,0,1,0,1,0,0,0,0.0,0,0,1,-13,-3.25,-1,-6,4,89,22.25,25,20,4
28,5,1,1,-8.542630521550276,-0.7118858767958564,0.4737616228303052,-1.3202562399447166,0.22569766279276174,1,322,0,307,50,11,33,2017,8,9,6,0,19,0,0,1,0,0,0,1,0,24,2.0,9,1,3,-48,-4.0,-1,-9,6,262,21.833333333333332,27,19,6
29,5,1,1,-27.191429801465606,-0.39987396766861183,0.5923418056405291,-1.240062264971214,1.5604673373916054,1,-1,1,511,97,-1,7,2017,1,3,1,0,21,1,0,0,0,0,0,0,1,165,2.426470588235294,10,-1,9,-421,-6.1911764705882355,0,-13,13,1350,19.852941176470587,27,13,14
30,3,2,1,-58.73440445257306,-1.1986613153586338,0.13613334457247342,-1.3680817815936512,-0.7960072693366406,1,17,0,19,26,22,29,2017,11,28,0,0,20,0,0,0,1,0,1,0,0,5,0.10204081632653061,1,0,2,-224,-4.571428571428571,-1,-11,8,996,20.3265306122449,27,16,10
31,3,1,1,-28.385646261128894,-1.2341585330925606,0.10657058025935026,-1.3569885229098841,-1.0589274813001333,1,69,0,705,91,9,33,2017,9,37,2,0,21,1,0,0,0,0,1,0,0,0,0.0,0,0,1,-115,-5.0,0,-10,11,504,21.91304347826087,27,16,11
32,3,2,1,-43.78603789267042,-1.183406429531633,0.18581378064497228,-1.3505303462393812,-0.4550204084196125,1,76,0,307,0,2,19,2017,11,34,4,0,0,0,0,1,0,0,1,0,0,2,0.05405405405405406,1,0,2,-172,-4.648648648648648,0,-10,8,676,18.27027027027027,24,14,9
33,3,1,1,-61.192877565249816,-1.2748516159427046,0.1217748677013045,-1.3628426351841805,-0.814463086961603,1,334,0,705,62,20,33,2018,12,50,0,0,12,0,0,0,0,1,1,0,0,0,0.0,0,0,1,-57,-1.1875,0,-2,3,717,14.9375,16,13,4
34,3,3,1,-25.437281157782948,-1.0598867149076228,0.20823999057590561,-1.333281657763506,-0.7092486360505074,1,248,0,307,49,15,34,2017,6,24,2,0,19,1,0,0,0,0,1,0,0,2,0.08333333333333333,1,0,2,-117,-4.875,0,-9,6,499,20.791666666666668,25,16,6
35,2,1,0,-88.80560109806989,-1.0207540356099987,0.24263463998226378,-1.3548894193828331,-0.11009832135544971,1,19,0,307,127,9,19,2017,9,29,0,0,18,1,0,0,0,0,0,1,0,101,1.160919540229885,5,-1,5,-543,-6.241379310344827,0,-12,12,1746,20.06896551724138,26,14,13
36,3,2,1,-47.36043710438103,-1.2463272922205533,0.13562660153578354,-1.3547146895895323,-0.7818188878627008,1,-1,0,705,148,-1,33,2017,7,33,0,0,10,1,0,0,0,0,1,0,0,0,0.0,0,0,1,-201,-5.2894736842105265,-1,-8,7,720,18.94736842105263,22,14,9
37,3,3,1,-21.4479870488534,-0.8579194819541359,0.2064603881093014,-1.2068655175227354,-0.5180236844252316,1,52,0,705,98,4,33,2017,4,13,4,0,10,0,0,0,1,0,1,0,0,0,0.0,0,0,1,-182,-7.28,-4,-11,8,556,22.24,26,19,8
38,2,2,0,-22.68174042703346,-1.2600966903907478,0.07330264876930319,-1.347634843869115,-1.091424125525882,1,340,0,560,0,9,34,2017,1,4,4,0,16,1,0,0,0,0,1,0,0,0,0.0,0,0,1,-106,-5.888888888888889,-1,-13,8,340,18.88888888888889,26,14,8
39,3,2,1,-63.15872016835251,-1.169605929043565,0.17416541522671067,-1.3519812474807873,-0.5912723408181043,1,280,0,705,59,1,33,2018,2,6,2,0,10,0,0,1,0,0,1,0,0,0,0.0,0,0,1,-53,-0.9814814814814815,0,-2,3,789,14.61111111111111,16,13,4
40,3,3,1,-306.4803795486931,-1.12676610128196,0.19980350413040576,-1.3450359946237367,-0.24971840546032978,1,169,0,705,106,20,33,2017,1,2,4,0,17,0,0,0,0,1,1,0,0,0,0.0,0,0,1,-1927,-7.084558823529412,0,-13,14,5684,20.897058823529413,27,14,14
41,5,1,1,-152.563441771505,-0.6903323157081674,0.48402243328435013,-1.3338518273609556,1.1583783961842278,1,199,0,307,35,14,19,2017,1,5,2,0,16,0,0,0,1,0,0,1,0,297,1.3438914027149322,6,-1,6,-1411,-6.384615384615385,0,-12,13,4704,21.285067873303166,27,14,14
42,2,2,0,-109.36205525557628,-1.151179529006066,0.1654787069956399,-1.3447476628608368,-0.7437369119796591,1,158,0,278,146,15,37,2017,9,35,5,1,16,1,0,0,0,0,1,0,0,3,0.031578947368421054,1,0,2,-811,-8.536842105263158,-4,-13,10,2127,22.389473684210525,27,18,10
43,2,3,0,-1.496900276458938,-0.13608184331444892,0.8066420088599139,-1.2507647712219354,1.0241181342633126,1,17,0,278,4,22,27,2017,5,20,3,0,13,0,0,0,1,0,0,0,1,68,6.181818181818182,12,1,7,-39,-3.5454545454545454,-2,-5,4,258,23.454545454545453,25,22,4
44,3,1,1,-109.28000516018756,-1.2560920133354891,0.14961155076521604,-1.371037225406159,-0.4427327082290515,1,286,0,705,121,3,33,2017,12,52,5,0,21,0,0,1,0,0,1,0,0,0,0.0,0,0,1,-261,-3.0,0,-8,9,1438,16.528735632183906,22,13,10
45,3,1,1,-6.123965141244643,-1.0206608568741071,0.1763620850343608,-1.2246036304841341,-0.7690279262254066,1,187,0,818,119,15,12,2017,5,19,6,0,20,1,0,0,0,0,1,0,0,0,0.0,0,0,1,-47,-7.833333333333333,-1,-11,5,136,22.666666666666668,26,15,5
46,2,3,0,-4.433711758764951,-0.6333873941092787,0.5988703319587737,-1.2730562870608197,0.37059859445466775,1,-1,1,550,5,-1,3,2018,2,8,6,1,0,1,0,0,0,0,0,1,0,15,2.142857142857143,6,1,3,-5,-0.7142857142857143,0,-3,3,98,14.0,17,13,4
47,5,1,1,-10.65905232035851,-0.7106034880239007,0.8383541154893274,-1.3505303462393812,0.6125693330579626,1,-1,1,210,69,-1,35,2017,12,51,3,0,17,1,0,0,0,0,0,1,0,51,3.4,10,1,2,-31,-2.066666666666667,-1,-5,3,231,15.4,19,15,3
48,2,1,0,-92.86757982014714,-1.105566426430323,0.397611541576174,-1.371037225406159,1.0007403964786368,1,117,0,879,97,13,29,2017,8,32,4,0,13,0,0,0,1,0,0,1,0,110,1.3095238095238095,12,1,5,-317,-3.7738095238095237,0,-7,7,1574,18.738095238095237,22,15,7
49,3,1,1,-431.6107510193304,-1.258340381980555,0.19085646566257694,-1.3663716626011762,0.9191143297670226,1,69,0,705,24,9,33,2017,1,1,5,0,17,1,0,0,0,0,1,0,0,1,0.0029154518950437317,1,0,2,-2283,-6.65597667638484,0,-13,14,6972,20.3265306122449,27,13,15
50,3,3,1,-20.246948973190786,-1.0123474486595394,0.23522787489611158,-1.3333386373341454,-0.37110279809790936,1,246,0,278,51,1,37,2017,6,26,0,0,2,0,0,1,0,0,1,0,0,0,0.0,0,0,1,-83,-4.15,0,-9,5,395,19.75,25,15,7
51,2,1,0,-13.106587041923252,-0.6553293520961626,0.9506529909438591,-1.3680817815936512,1.2263191583103041,1,87,0,307,128,11,19,2017,11,51,0,0,0,0,0,1,0,0,0,1,0,20,1.0,3,-1,3,-67,-3.35,0,-6,7,335,16.75,20,13,7
52,2,1,0,-17.72950343115822,-1.2663931022255872,0.07086326148810904,-1.347634843869115,-1.1050328262777962,1,17,0,705,20,22,33,2017,1,3,2,0,20,0,0,0,1,0,0,1,0,14,1.0,1,1,1,-61,-4.357142857142857,0,-13,6,252,18.0,27,14,5
53,4,2,0,-191.850606496652,-1.199066290604075,0.2364124655212346,-1.3651350858594011,0.12913013754525104,1,17,0,80,31,22,37,2017,3,14,3,0,13,0,0,0,1,0,0,1,0,156,0.975,4,0,5,-271,-1.69375,0,-4,5,3923,24.51875,27,22,6
54,1,1,0,-79.7146927012794,-0.7892543831809842,0.6045110644465659,-1.371037225406159,2.084034143272073,1,231,0,879,124,9,29,2017,12,50,5,0,0,1,0,0,0,0,0,1,0,149,1.4752475247524752,10,-1,7,-91,-0.900990099009901,0,-2,3,1689,16.722772277227723,18,15,4
55,4,1,0,-43.428237100235364,-0.8042266129673216,0.5567184419833495,-1.371037225406159,1.1451031638784246,1,170,0,278,151,8,37,2017,11,41,6,1,21,0,0,1,0,0,0,1,0,91,1.6851851851851851,10,-1,8,-109,-2.0185185185185186,0,-4,5,956,17.703703703703702,20,15,6
56,2,1,0,-10.390792983285415,-0.9446175439350377,0.4417153120351539,-1.3505303462393812,0.1437607018863281,1,333,0,705,149,9,29,2017,9,39,5,1,13,1,0,0,0,0,0,1,0,18,1.6363636363636365,5,1,4,-34,-3.090909090909091,0,-6,6,183,16.636363636363637,20,13,7
57,2,2,0,-11.719374454247298,-0.48830726892697074,0.3859893986220615,-0.8707815155611791,0.9934834017378339,1,149,0,705,46,20,33,2017,11,3,0,0,16,0,0,0,0,1,1,0,0,0,0.0,0,0,1,-56,-2.3333333333333335,0,-8,6,384,16.0,22,13,7
58,2,2,0,-109.75890189811486,-1.0354613386614608,0.26663705802413457,-1.3505303462393812,0.09584410087946024,1,171,0,705,105,21,33,2017,1,3,5,0,18,0,0,0,0,1,1,0,0,1,0.009433962264150943,1,0,2,-737,-6.952830188679245,0,-13,13,2190,20.660377358490567,27,14,13
59,2,2,0,-17.373920216775883,-1.2409943011982774,0.010984822237273434,-1.24652226227457,-1.2207251105852033,1,-1,1,661,157,-1,8,2017,1,4,5,0,7,1,0,0,0,0,0,1,0,14,1.0,1,1,1,-91,-6.5,0,-13,14,274,19.571428571428573,26,13,13
60,5,2,1,-267.9630910422,-0.999862280008209,0.40894856983894,-1.3680817815936512,1.6793568493900297,1,331,0,45,93,5,18,2017,12,49,3,0,15,0,0,0,0,1,1,0,0,1,0.0037313432835820895,1,0,2,-1314,-4.902985074626866,0,-10,11,4991,18.62313432835821,24,13,12
61,3,2,1,-178.2980797154021,-1.1429364084320648,0.21117657959880612,-1.371037225406159,-0.2876568061043111,1,88,0,367,90,16,37,2017,5,3,5,0,11,1,0,0,0,0,1,0,0,8,0.05128205128205128,3,0,3,-1313,-8.416666666666666,0,-13,14,3462,22.192307692307693,27,14,14
62,4,2,0,-46.112644214554905,-1.0979201003465453,0.32624907856131247,-1.3163254114855747,0.26616321622688066,1,69,0,705,114,9,33,2017,7,27,5,0,12,1,0,0,0,0,1,0,0,0,0.0,0,0,1,-245,-5.833333333333333,0,-11,8,826,19.666666666666668,25,13,9
63,2,2,0,-77.26998373287049,-1.1532833392965745,0.3335481723890859,-1.3505303462393812,0.47342169973145143,1,16,0,367,95,7,37,2017,10,37,5,0,20,0,0,1,0,0,1,0,0,4,0.05970149253731343,1,0,2,-169,-2.5223880597014925,0,-7,7,1075,16.044776119402986,21,13,8
64,5,2,1,-101.53675697215236,-1.1036604018712213,0.2679546904102332,-1.3551224528667205,-0.10621397975472006,1,46,0,705,123,19,33,2018,2,8,0,0,17,0,0,1,0,0,1,0,0,0,0.0,1,-1,3,-115,-1.25,0,-5,6,1360,14.782608695652174,18,13,6
65,5,1,1,-17.941959202887894,-0.9967755112715496,0.4223402409638056,-1.371037225406159,0.143825769485095,1,51,0,879,124,16,29,2017,11,49,3,0,11,1,0,0,0,0,0,1,0,19,1.0555555555555556,3,-1,4,-35,-1.9444444444444444,0,-4,5,282,15.666666666666666,18,13,6
66,2,1,0,-13.629961637328684,-0.9735686883806203,0.5212993867999394,-1.3505303462393812,0.4724853098275623,1,283,0,705,149,9,27,2017,9,37,5,1,18,1,0,0,0,0,0,1,0,25,1.7857142857142858,10,1,3,-11,-0.7857142857142857,0,-2,3,276,19.714285714285715,21,18,4
67,4,1,0,-139.51368381493998,-0.911854142581307,0.5936235754096423,-1.3603211639500195,1.606722914159495,1,209,0,879,97,9,29,2017,6,23,5,0,22,1,0,0,0,0,0,1,0,153,1.0,1,1,1,-278,-1.8169934640522876,0,-4,5,3161,20.66013071895425,23,18,6
68,3,3,1,-87.45155595641546,-1.016878557632738,0.22738051807065576,-1.294155313134334,-0.3511366514891296,1,333,0,705,38,9,33,2017,2,7,4,0,10,1,0,0,0,0,0,1,0,116,1.3488372093023255,10,-1,6,-460,-5.348837209302325,0,-13,13,1628,18.930232558139537,27,13,15
69,4,2,0,-14.144786313683166,-0.35361965784207916,0.9051482334454604,-1.2832518980712582,2.9239940094230423,1,277,0,80,10,13,37,2018,2,6,4,0,21,0,0,0,1,0,0,1,0,63,1.575,8,0,7,-81,-2.025,0,-9,6,640,16.0,23,14,6
70,2,2,0,-268.83013084630437,-0.9811318644025707,0.3358890767358731,-1.3360215252230445,0.1038672002171298,1,169,0,705,40,20,33,2017,1,22,4,0,12,0,0,0,0,1,1,0,0,3,0.010948905109489052,1,0,2,-2587,-9.441605839416058,0,-13,11,6360,23.21167883211679,27,13,12
71,4,2,0,-2.6179816501910493,-0.4363302750318416,0.006660036395858383,-0.4406293100395574,-0.42773220501641,1,69,0,661,102,9,8,2017,1,3,2,0,2,1,0,0,0,0,0,1,0,6,1.0,1,1,1,-15,-2.5,0,-5,6,147,24.5,27,22,6
72,5,1,1,-91.68825433340851,-0.8411766452606285,0.47441141904438966,-1.3680817815936512,1.6595454237587168,1,87,0,278,61,11,37,2017,4,15,0,0,19,0,0,1,0,0,0,1,0,192,1.761467889908257,10,-1,9,-994,-9.119266055045872,0,-13,13,2508,23.009174311926607,27,14,13
73,2,3,0,-38.39965728685322,-0.8727194837921186,0.509879050425034,-1.3680817815936512,0.2767355017664639,1,251,0,755,60,8,8,2017,1,1,0,0,22,0,0,1,0,0,0,1,0,71,1.6136363636363635,6,-1,6,-57,-1.2954545454545454,0,-4,5,703,15.977272727272727,19,14,6
74,2,1,0,-181.37515936761764,-1.2172829487759573,0.18218378288887888,-1.3548894193828331,0.143825769485095,1,322,0,307,158,11,19,2017,10,16,2,0,17,0,0,1,0,0,0,1,0,176,1.1812080536912752,4,-1,5,-698,-4.684563758389261,0,-11,12,2747,18.436241610738254,25,13,13
75,3,1,1,-36.258558939260546,-1.0987442102806226,0.21151288934462154,-1.3182327284345605,-0.42510826282077246,1,296,0,705,2,15,37,2017,8,34,3,0,17,1,0,0,0,0,0,1,0,47,1.4242424242424243,6,0,5,-111,-3.3636363636363638,0,-8,8,630,19.09090909090909,24,15,10
76,3,3,1,-120.47224642429022,-1.0952022402208201,0.1718155467545349,-1.3447476628608368,-0.2820627305686364,1,325,0,217,44,9,29,2017,5,34,5,0,12,1,0,0,0,0,0,1,0,118,1.0727272727272728,4,1,4,-686,-6.236363636363636,0,-12,13,2290,20.818181818181817,27,14,14
77,1,1,0,-65.46769812376114,-0.8502298457631317,0.40691624473757165,-1.3275975822814947,1.4623860360407719,1,334,0,705,8,20,33,2017,12,51,5,0,13,0,0,0,0,1,0,1,0,98,1.2727272727272727,6,-1,6,-126,-1.6363636363636365,0,-4,5,1171,15.207792207792208,17,13,5
78,1,1,0,-528.8814253379446,-0.9598573962576128,0.33000072447815487,-1.3505303462393812,1.6970090777130256,1,161,0,278,65,3,37,2017,11,2,5,0,17,0,0,1,0,0,0,1,0,592,1.074410163339383,10,-1,6,-2027,-3.678765880217786,0,-7,8,9569,17.36660617059891,21,13,9
79,2,1,0,-119.86436554654364,-1.2231057708830984,0.19719718049844492,-1.3505303462393812,0.39458177894740404,1,88,0,839,149,16,29,2017,9,36,5,0,0,1,0,0,0,0,0,1,0,116,1.183673469387755,10,1,2,-411,-4.1938775510204085,-1,-6,6,1752,17.877551020408163,19,14,6
80,4,3,0,-39.78193338225443,-0.8648246387446615,0.5519916446455708,-1.356346663634119,1.1340210822171903,1,-1,0,839,54,9,29,2017,11,45,2,0,14,1,0,0,0,0,0,1,0,91,1.9782608695652173,10,-1,9,-144,-3.130434782608696,0,-7,7,776,16.869565217391305,21,13,8
81,3,2,1,-108.2214311476849,-1.127306574455051,0.25683982563905117,-1.359267577267088,-0.05504187998469265,1,250,0,367,141,9,34,2017,10,36,5,0,0,1,0,0,0,0,1,0,0,0,0.0,0,0,1,-227,-2.3645833333333335,0,-5,6,1644,17.125,20,14,7
82,3,2,1,-19.209223777991443,-0.9604611888995722,0.3931151789319407,-1.2657302362795615,0.143825769485095,1,303,0,307,86,15,19,2017,2,7,6,0,9,1,0,0,0,0,1,0,0,0,0.0,0,0,1,-175,-8.75,0,-12,5,449,22.45,26,14,5
83,3,2,1,-12.897370739356532,-0.8598247159571021,0.4927000271051058,-1.288688745118903,0.09720848597142863,1,107,0,307,153,4,19,2017,10,40,0,0,18,0,0,0,1,0,1,0,0,0,0.0,0,0,1,-51,-3.4,0,-9,5,321,21.4,27,18,5
84,1,1,0,-10.617912699215191,-0.34251331287790937,0.5605945378554378,-1.114514562242707,0.8463761428789578,1,69,0,278,29,9,27,2018,2,1,1,0,14,1,0,0,0,0,0,1,0,60,1.935483870967742,10,-1,7,-21,-0.6774193548387096,0,-2,3,446,14.387096774193548,15,13,3
85,3,1,1,-40.990068297224475,-0.9532574022610343,0.38380291084714085,-1.3680817815936512,0.5628923455814238,1,69,0,437,66,9,15,2017,10,39,5,1,11,1,0,0,0,0,0,1,0,41,0.9534883720930233,2,-1,3,-80,-1.8604651162790697,0,-3,4,750,17.441860465116278,19,15,5
86,5,2,1,-116.07272002232962,-1.055206545657542,0.2207963885625805,-1.3002032741338985,-0.36690837014532324,1,65,0,705,33,16,33,2018,2,4,3,0,9,1,0,0,0,0,1,0,0,2,0.01818181818181818,1,0,2,-159,-1.4454545454545455,0,-4,5,1643,14.936363636363636,17,13,5
87,2,3,0,-32.35207981147617,-0.735274541169913,0.4405501030605621,-1.2948133213055246,0.26616321622688066,1,87,0,705,101,11,33,2018,1,1,6,0,19,0,0,1,0,0,0,0,0,54,1.2272727272727273,7,-1,6,-58,-1.3181818181818181,0,-3,4,661,15.022727272727273,16,14,3
88,2,2,0,-289.39462376679205,-1.0225958436989118,0.4146028485303274,-1.356346663634119,1.2821706164565367,1,344,0,80,11,18,37,2017,1,4,4,0,12,0,1,0,0,0,1,0,0,6,0.02120141342756184,1,0,2,-1610,-5.689045936395759,0,-13,14,5473,19.33922261484099,27,13,15
89,3,1,1,-20.81133276137484,-1.0953333032302546,0.19022512191303534,-1.2914182755208237,-0.5618266275412711,1,156,0,307,94,7,19,2017,2,35,3,0,10,0,0,1,0,0,1,0,0,0,0.0,0,0,1,-85,-4.473684210526316,0,-12,7,338,17.789473684210527,26,13,8
90,1,3,0,-46.128761938749435,-0.9225752387749887,0.4043722977855904,-1.3435951281148897,0.8444728008043669,1,58,0,307,143,4,37,2017,1,4,5,1,0,0,0,0,1,0,0,1,0,51,1.02,2,-1,3,-72,-1.44,0,-3,4,804,16.08,18,14,5
91,4,2,0,-215.139681169355,-1.0976514345375254,0.2801068783180042,-1.356346663634119,0.2754129359706206,1,90,0,307,145,15,19,2017,9,39,1,0,10,1,0,0,0,0,1,0,0,7,0.03571428571428571,1,0,2,-506,-2.5816326530612246,0,-8,9,4203,21.443877551020407,27,18,10
92,3,1,1,-32.295744390150674,-1.2918297756060269,0.15451399587336367,-1.369972254402622,-0.7521495027662911,1,87,0,705,108,11,33,2017,11,48,3,0,7,0,0,1,0,0,1,0,0,1,0.04,1,0,2,-46,-1.84,0,-4,5,393,15.72,18,14,5
93,4,2,0,-11.312501328500382,-1.1312501328500382,0.18217217977766906,-1.3680817815936512,-0.7104404305785195,1,-1,1,111,138,-1,36,2017,10,6,5,0,0,1,0,0,0,0,0,1,0,10,1.0,1,1,1,-63,-6.3,-2,-12,6,201,20.1,26,15,5
94,2,1,0,-75.7256988418085,-1.0233202546190336,0.3425235861412936,-1.3680817815936512,0.07654461184889458,1,62,0,705,0,9,33,2017,1,1,1,0,15,1,0,0,0,0,0,1,0,85,1.1486486486486487,4,-1,5,-494,-6.675675675675675,0,-13,14,1510,20.405405405405407,27,13,15
95,5,1,1,-17.977374934161297,-0.9461776281137525,0.3604312748966047,-1.3739420460547778,0.02314146872509125,1,333,0,769,18,9,27,2017,4,16,1,0,10,1,0,0,0,0,0,1,0,30,1.5789473684210527,3,1,3,-29,-1.5263157894736843,0,-4,5,465,24.473684210526315,27,23,5
96,3,1,1,-67.57478764776414,-1.0396121176579098,0.4749936974020397,-1.315317150403597,1.476562233924938,1,242,0,80,0,9,37,2018,1,3,5,0,17,1,0,0,0,0,1,0,0,2,0.03076923076923077,2,0,2,-59,-0.9076923076923077,0,-2,3,939,14.446153846153846,16,13,4
97,5,1,1,-6.797781541697974,-0.8497226927122468,0.46410799226661015,-1.2726269831757147,-0.027821873875360767,1,24,0,705,0,9,33,2017,2,6,0,0,15,1,0,0,0,0,0,1,0,22,2.75,12,1,4,-39,-4.875,0,-6,3,199,24.875,26,20,3
98,4,3,0,-38.30119396954529,-0.7226640371612318,0.6003994168654538,-1.3242025808129059,0.8242494095290014,1,17,0,307,97,22,21,2017,4,11,6,0,12,0,0,0,1,0,0,1,0,171,3.2264150943396226,12,1,7,-64,-1.2075471698113207,0,-3,4,1321,24.92452830188679,27,23,5
99,3,3,1,-25.805346507475544,-0.9925133272105978,0.3119310825137606,-1.3372798030810271,0.0044080602113417055,1,19,0,705,139,9,27,2017,1,7,5,0,14,1,0,0,0,0,0,1,0,47,1.8076923076923077,8,1,5,-29,-1.1153846153846154,0,-2,3,672,25.846153846153847,27,24,4
100,2,2,0,-4.041425840502358,-0.1683927433542649,0.9464176969267848,-1.262326190684764,1.3887214508532548,1,322,0,373,0,11,18,2017,7,29,0,0,9,0,0,1,0,0,0,0,1,100,4.166666666666667,12,1,8,-101,-4.208333333333333,0,-7,7,428,17.833333333333332,21,13,7
101,2,3,0,-112.4636101238343,-1.0710820011793742,0.35623177754465307,-1.359267577267088,0.4901285024092558,1,289,0,307,63,5,19,2017,2,5,5,0,12,0,0,0,0,1,0,1,0,107,1.019047619047619,6,-1,5,-198,-1.8857142857142857,0,-4,5,1634,15.561904761904762,18,13,6
102,5,2,1,-84.87707767436754,-0.8321282124937994,0.5244868858204295,-1.3275975822814947,1.1812346078196139,1,11,0,222,22,23,21,2017,1,5,2,0,12,0,1,0,0,0,0,1,0,117,1.1470588235294117,4,-1,5,-376,-3.6862745098039214,0,-7,8,1763,17.284313725490197,21,14,8
103,2,2,0,-169.38426635882703,-1.099897833498877,0.2322403887502554,-1.3534342956026855,-0.09354455543680175,1,322,0,705,7,11,33,2017,4,15,0,0,17,0,0,1,0,0,1,0,0,0,0.0,0,0,1,-809,-5.253246753246753,0,-11,12,2920,18.961038961038962,25,13,13
104,3,1,1,-128.35006755804983,-1.199533341664017,0.1550752289668994,-1.359267577267088,-0.5644919948318899,1,143,0,705,19,5,33,2017,11,51,1,0,12,0,0,0,0,1,1,0,0,2,0.018691588785046728,1,0,2,-223,-2.0841121495327104,0,-4,5,1687,15.766355140186915,18,13,6
105,3,3,1,-194.53856480711445,-1.288334866272281,0.06561051212951985,-1.3642527520191245,-1.04764013534083,1,103,0,705,135,21,33,2017,12,50,2,0,14,0,0,0,0,1,1,0,0,0,0.0,0,0,1,-519,-3.437086092715232,0,-11,12,2887,19.119205298013245,27,15,13
106,3,2,1,-10.509276714586305,-0.9553887922351186,0.2836231728130392,-1.294155313134334,-0.3182731786691091,1,337,0,705,41,20,33,2017,10,40,0,0,14,0,0,0,0,1,1,0,0,1,0.09090909090909091,1,0,2,-27,-2.4545454545454546,0,-4,4,179,16.272727272727273,18,13,5
107,5,1,1,-17.014019970736936,-0.38668227206220307,0.7282473976708694,-1.2105897480921257,1.5185654999581026,1,-1,1,661,157,-1,8,2017,1,5,3,0,17,1,0,0,0,0,0,0,1,93,2.1136363636363638,6,-1,8,-251,-5.704545454545454,0,-13,14,860,19.545454545454547,27,14,13
108,2,1,0,-26.53382650950116,-0.8559298874032633,0.5315207933781169,-1.3137506918501884,0.28781713583031215,1,69,0,705,77,9,33,2017,12,41,5,1,13,1,0,0,0,0,0,1,0,43,1.3870967741935485,6,-1,6,-93,-3.0,0,-7,8,512,16.516129032258064,21,13,9
109,2,1,0,-29.31547760969132,-0.9771825869897107,0.2558844070051496,-1.305178924410557,-0.33588310019616135,1,4,0,68,47,10,27,2017,11,29,3,0,13,0,1,0,0,0,0,1,0,36,1.2,4,-1,4,-128,-4.266666666666667,0,-8,9,540,18.0,22,13,9
110,1,1,0,-86.48609311825173,-0.6652776393711671,0.5935616373469874,-1.2756358088760282,3.104696072930711,1,140,0,307,53,9,19,2017,10,3,5,0,0,1,0,0,0,0,0,1,0,173,1.3307692307692307,12,1,5,-393,-3.023076923076923,0,-6,7,2165,16.653846153846153,20,13,8
111,2,1,0,-75.35238299595737,-0.9914787236310181,0.3593659841680355,-1.33613583834217,0.21781285637276632,0,-1,1,755,89,-1,8,2017,1,43,6,0,8,1,0,0,0,0,0,1,0,110,1.4473684210526316,10,1,5,-195,-2.5657894736842106,0,-6,7,1224,16.105263157894736,20,13,8
112,5,1,1,-5.843011408984103,-0.3437065534696531,0.4916416272601,-0.8536280941061214,0.893557216598835,1,-1,1,206,117,-1,1,2017,1,1,1,0,15,1,0,0,0,0,0,0,1,61,3.588235294117647,12,1,6,-43,-2.5294117647058822,0,-6,6,277,16.294117647058822,20,13,7
113,4,2,0,-46.668332112822036,-1.1382520027517569,0.2645015753835691,-1.359267577267088,-0.12303156637839395,1,107,0,278,0,4,37,2018,12,5,5,0,18,0,0,0,1,0,1,0,0,1,0.024390243902439025,1,0,2,-57,-1.3902439024390243,0,-3,4,616,15.024390243902438,17,13,5
114,3,1,1,-78.28613271716584,-1.2833792248715712,0.06534677395434935,-1.362197008588469,-1.1076677256582612,1,19,0,705,38,9,37,2017,1,1,2,0,15,1,0,0,0,0,1,0,0,0,0.0,0,0,1,-100,-1.639344262295082,0,-3,4,932,15.278688524590164,17,13,5
115,1,3,0,-40.131656765797786,-0.8538650375701656,0.44633162959386047,-1.373407869760348,0.5182628012733131,1,34,0,278,0,12,37,2018,1,3,4,0,22,1,0,0,0,0,0,1,0,75,1.5957446808510638,10,-1,7,-58,-1.2340425531914894,0,-2,3,690,14.680851063829786,16,14,3
116,1,2,0,-113.645551997668,-0.7147518993564025,0.6428697706788264,-1.356346663634119,1.6228646845458699,1,42,0,690,130,19,27,2017,1,48,6,0,19,0,0,1,0,0,0,1,0,404,2.540880503144654,12,-1,13,-1100,-6.918238993710692,0,-13,14,3286,20.666666666666668,27,13,15
117,3,2,1,-47.90418026586584,-1.114050703857345,0.25665786628504184,-1.3680817815936512,-0.3321057954157282,1,57,0,437,74,5,15,2017,9,44,5,0,10,0,0,0,0,1,1,0,0,4,0.09302325581395349,1,0,2,-169,-3.9302325581395348,0,-8,9,760,17.674418604651162,21,14,8
118,2,1,0,-11.30573227919767,-0.4348358568922181,0.8291106282264876,-1.3163254114855747,1.1847792753716928,1,87,0,369,131,11,27,2017,4,17,5,1,10,0,0,1,0,0,0,0,0,67,2.576923076923077,10,1,6,-169,-6.5,0,-10,9,522,20.076923076923077,23,13,9
119,2,2,0,-27.050206412359795,-0.8453189503862436,0.39551308359244075,-1.3627839494928098,0.3720497761395556,1,138,0,879,0,9,29,2017,12,51,5,0,12,1,0,0,0,0,1,0,0,0,0.0,0,0,1,-205,-6.40625,-1,-13,6,635,19.84375,27,14,7
120,2,2,0,-226.89347821897158,-1.1635562985588286,0.18974913962240256,-1.3591505502939891,-0.22175814892742626,1,276,0,80,13,9,37,2017,1,5,0,0,16,1,0,0,0,0,1,0,0,0,0.0,0,0,1,-1761,-9.03076923076923,0,-13,9,4451,22.825641025641026,27,14,9
121,5,1,1,-94.0108838655475,-0.6667438572024645,0.5936165383655619,-1.3680817815936512,1.2811445482626702,1,69,0,437,87,9,15,2017,5,19,2,0,16,1,0,0,0,0,0,1,0,147,1.0425531914893618,3,1,3,-1118,-7.929078014184397,0,-13,14,3092,21.929078014184398,27,14,14
122,3,2,1,-47.5335983835992,-1.218810214964082,0.1186116491368218,-1.3447476628608368,-0.8949779708942371,1,87,0,278,155,11,37,2017,3,14,4,0,20,0,0,1,0,0,1,0,0,0,0.0,0,0,1,-75,-1.9230769230769231,0,-4,5,966,24.76923076923077,27,22,6
123,3,2,1,-140.75358432263857,-1.2133929682986084,0.17085912419797875,-1.3511684819058034,-0.212293217169691,1,105,0,705,3,9,37,2017,4,10,4,0,14,1,0,0,0,0,1,0,0,0,0.0,0,0,1,-819,-7.060344827586207,0,-11,11,2671,23.025862068965516,27,16,11
124,3,3,1,-37.58396041059662,-1.0439989002943504,0.25826854423257095,-1.3121309333610023,-0.2206520950704818,1,322,0,705,7,11,33,2017,12,51,4,0,18,0,0,1,0,0,0,1,0,49,1.3611111111111112,3,-1,4,-83,-2.3055555555555554,0,-7,7,576,16.0,21,14,8
125,2,3,0,-82.29968687885248,-1.0417681883399048,0.34549907304201855,-1.3447476628608368,0.9546587854627194,1,314,0,705,48,9,33,2017,2,7,5,0,18,1,0,0,0,0,0,1,0,95,1.2025316455696202,5,-1,5,-155,-1.9620253164556962,0,-5,6,1228,15.544303797468354,19,13,7
126,3,2,1,-159.77679643982606,-1.2104302760592882,0.20911871528748677,-1.359267577267088,0.143825769485095,1,126,0,705,150,4,33,2018,12,49,5,0,20,0,0,0,1,0,1,0,0,2,0.015151515151515152,1,0,2,-173,-1.3106060606060606,0,-4,5,1994,15.106060606060606,18,13,6
127,2,1,0,-113.21074917167014,-1.1208985066501995,0.29701302448893807,-1.3519812474807873,0.5709051426878929,1,233,0,705,0,9,33,2017,2,8,5,0,10,1,0,0,0,0,0,1,0,110,1.0891089108910892,5,-1,5,-252,-2.495049504950495,0,-6,7,1622,16.059405940594058,19,13,7
128,2,3,0,-27.964200782335197,-1.0755461839359692,0.3346440552982979,-1.3052343618322066,0.35428417232043063,1,87,0,307,128,11,19,2018,2,6,0,0,13,0,0,1,0,0,0,1,0,24,0.9230769230769231,3,-1,3,-24,-0.9230769230769231,0,-3,4,379,14.576923076923077,16,13,4
129,3,1,1,-23.927128066813953,-1.0875967303097251,0.2093903074088935,-1.321945595484756,-0.40790202999178726,1,233,0,884,107,9,27,2017,12,48,1,0,17,1,0,0,0,0,1,0,0,0,0.0,0,0,1,-56,-2.5454545454545454,0,-5,6,361,16.40909090909091,19,14,5
130,3,1,1,-166.47186631065904,-1.0671273481452503,0.2562473876799233,-1.3469411567439589,0.5381631569315091,1,25,0,278,0,7,37,2017,4,17,2,0,13,0,0,1,0,0,1,0,0,0,0.0,0,0,1,-644,-4.128205128205129,0,-10,11,3253,20.852564102564102,27,16,12
131,3,1,1,-42.872462884815405,-1.1282227074951423,0.2285200317213081,-1.3447476628608368,-0.4784567120943164,1,248,0,278,78,15,37,2018,1,4,2,0,13,1,0,0,0,0,1,0,0,1,0.02631578947368421,1,0,2,-59,-1.5526315789473684,0,-4,5,573,15.078947368421053,17,13,5
132,3,2,1,-97.09449241140453,-1.2609674339143446,0.08460914229103819,-1.3505303462393812,-0.9278743891289676,1,57,0,705,57,5,37,2017,10,38,4,0,0,0,0,0,0,1,1,0,0,0,0.0,0,0,1,-323,-4.194805194805195,0,-8,8,1375,17.857142857142858,21,13,9
133,1,1,0,-21.652452174757325,-0.32317092798145264,0.837299912359509,-1.311294130004757,2.008094346034711,1,340,0,705,25,9,33,2017,5,29,4,0,15,1,0,0,0,0,0,1,0,79,1.1791044776119404,4,1,4,-501,-7.477611940298507,-1,-10,10,1422,21.223880597014926,24,14,9
134,3,1,1,-68.88707388864793,-1.2756865534934803,0.08021110924292246,-1.3636649877395617,-0.9947032669180741,1,69,0,80,64,9,37,2018,1,6,4,0,15,1,0,0,0,0,1,0,0,0,0.0,0,0,1,-55,-1.0185185185185186,0,-2,3,793,14.685185185185185,16,13,4
135,3,2,1,-16.309149788327908,-1.2545499837175313,0.05307350393902217,-1.3233556189465756,-1.153795665942144,1,19,0,705,76,9,33,2017,2,8,1,0,17,1,0,0,0,0,1,0,0,0,0.0,0,0,1,-55,-4.230769230769231,0,-5,4,324,24.923076923076923,26,20,4
136,3,2,1,-28.252111428103493,-1.1771713095043121,0.14850004704145003,-1.333281657763506,-0.5912723408181043,1,165,0,278,120,15,37,2018,12,2,3,0,11,1,0,0,0,0,1,0,0,0,0.0,0,0,1,-26,-1.0833333333333333,0,-2,3,356,14.833333333333334,16,13,4
137,5,2,1,-33.56341355285365,-0.5163602085054408,0.9268143994741459,-1.3733485212869239,2.0481114628286745,1,96,0,705,152,24,33,2017,11,48,3,0,10,0,1,0,0,0,1,0,0,5,0.07692307692307693,1,0,2,-172,-2.646153846153846,0,-9,7,1115,17.153846153846153,24,14,8
138,3,1,1,-14.025959097116377,-0.5610383638846551,0.770195781327895,-1.2709652850720852,1.6918885838652638,1,160,0,357,154,21,27,2017,9,23,4,0,11,0,0,0,0,1,0,1,0,58,2.32,10,-1,6,-102,-4.08,0,-8,7,443,17.72,22,13,9
139,5,2,1,0.35176109382161735,0.04397013672770217,0.7463863622282851,-0.9897990146467343,1.0265111880665412,1,80,0,818,104,4,12,2017,1,14,3,0,12,0,0,0,1,0,0,0,0,18,2.25,10,-1,5,-51,-6.375,-1,-12,5,161,20.125,26,15,4
140,5,2,1,-37.8508202071977,-0.8602459137999477,0.2930924191853123,-1.3505303462393812,0.028062741953649866,1,194,0,307,112,21,19,2018,1,4,0,0,9,0,0,0,0,1,1,0,0,0,0.0,0,0,1,-152,-3.4545454545454546,0,-11,8,746,16.954545454545453,24,13,8
141,2,2,0,-136.49018374897423,-1.0036042922718693,0.2957322621704538,-1.3163254114855747,0.3765969778311509,1,96,0,705,30,24,33,2017,11,36,5,0,11,0,1,0,0,0,1,0,0,2,0.014705882352941176,1,0,2,-972,-7.147058823529412,-2,-13,12,2840,20.88235294117647,27,15,13
142,5,2,1,-88.49560413243569,-1.0792146845418986,0.21792234144783157,-1.3500665067191506,-0.43309352194887635,1,203,0,705,96,13,33,2017,8,36,6,0,20,0,0,0,1,0,1,0,0,0,0.0,0,0,1,-454,-5.536585365853658,0,-7,6,1587,19.353658536585368,21,14,6
143,5,2,1,38.94963232149188,0.683326882833191,0.6114938361163752,-0.7626288429142631,1.6983270486631745,1,17,0,437,147,22,15,2017,4,12,5,0,15,0,0,0,1,0,1,0,0,0,0.0,0,0,1,-335,-5.87719298245614,0,-11,12,1115,19.56140350877193,25,13,13
144,3,1,1,-23.807473939482676,-1.2530249441832988,0.12310908601925649,-1.3545982329370956,-0.907932459753414,1,116,0,278,0,9,37,2017,11,45,6,0,0,1,0,0,0,0,1,0,0,0,0.0,0,0,1,-37,-1.9473684210526316,0,-3,4,318,16.736842105263158,18,15,4
145,3,3,1,-39.38746115846714,-1.0645259772558686,0.2623106544504986,-1.2617953327588183,-0.009633160257079762,1,49,0,307,36,9,29,2017,12,2,5,0,17,1,0,0,0,0,0,1,0,55,1.4864864864864864,6,1,3,-58,-1.5675675675675675,0,-3,4,563,15.216216216216216,17,13,5
146,3,3,1,-26.73712153826253,-1.2731962637267873,0.06551253796451222,-1.3530853745453975,-1.0831782485923498,1,69,0,80,0,9,37,2017,1,4,2,0,3,1,0,0,0,0,1,0,0,0,0.0,0,0,1,-96,-4.571428571428571,-1,-9,4,380,18.095238095238095,23,14,5
147,3,2,1,-14.376559093718566,-1.3069599176107787,0.07814925497267924,-1.3537251432735495,-1.0780864817528872,1,69,0,705,34,9,33,2018,2,8,4,0,12,1,0,0,0,0,1,0,0,0,0.0,0,0,1,-8,-0.7272727272727273,0,-3,4,155,14.090909090909092,16,13,4
148,3,2,1,-27.497982687467363,-1.2499083039757892,0.1862018100570688,-1.3516909065023899,-0.6681714080631244,1,315,0,705,37,-1,33,2017,7,36,6,1,15,1,0,0,0,0,1,0,0,2,0.09090909090909091,1,0,2,-98,-4.454545454545454,0,-9,8,423,19.227272727272727,24,15,8
149,5,1,1,-27.966712967041357,-0.9988111773943341,0.29871432913193124,-1.3448053379127414,-0.3511366514891296,1,158,0,705,111,15,33,2017,1,2,3,0,11,1,0,0,0,0,0,1,0,25,0.8928571428571429,2,-1,3,-14,-0.5,0,-1,2,431,15.392857142857142,16,15,2
150,2,1,0,4.3475099127029,0.21737549563514502,0.44449618673648483,-1.3163814703138657,0.7941453982162654,1,-1,1,437,68,-1,15,2017,10,41,2,0,11,1,0,0,0,0,0,1,0,29,1.45,2,1,2,-43,-2.15,0,-4,5,363,18.15,20,16,5
151,5,1,1,-10.077537290178054,-0.43815379522513276,0.7972439412401131,-1.294155313134334,1.7853496434500988,1,158,0,307,113,15,19,2017,4,11,4,0,22,1,0,0,0,0,0,1,0,46,2.0,10,1,6,-189,-8.217391304347826,-1,-10,5,527,22.91304347826087,25,15,6
152,2,1,0,-165.47650807223621,-1.1819750576588302,0.12216196736769952,-1.3453244095458203,-0.6673510015133391,1,331,0,307,39,16,19,2017,11,25,5,0,19,1,0,0,0,0,0,1,0,143,1.0214285714285714,3,-1,4,-543,-3.8785714285714286,0,-8,9,2443,17.45,22,13,10
153,3,2,1,-83.76495169992339,-1.2139848072452666,0.10792689098429115,-1.3534342956026855,-0.6528422284831001,1,271,0,80,72,9,37,2018,12,52,2,0,16,1,0,0,0,0,1,0,0,0,0.0,0,0,1,-85,-1.2318840579710144,0,-3,4,1016,14.72463768115942,16,13,4
154,3,3,1,-23.670679573721717,-0.7890226524573906,0.6125278226598511,-1.3680817815936512,0.31119404689972835,1,-1,1,661,157,-1,8,2017,1,45,2,0,17,1,0,0,0,0,0,0,0,59,1.9666666666666666,4,1,4,-33,-1.1,0,-3,4,474,15.8,17,14,4
155,3,1,1,-58.61884342541888,-1.1963029270493648,0.1868827271436378,-1.3534342956026855,-0.6368066210717105,1,340,0,437,0,9,29,2017,11,45,0,0,18,1,0,0,0,0,1,0,0,1,0.02040816326530612,1,0,2,-140,-2.857142857142857,-1,-4,4,816,16.653061224489797,17,15,3
156,2,2,0,-30.08669185710267,-1.1143219206334323,0.24105098583293424,-1.3516909065023899,-0.5111357718569379,1,158,0,472,0,15,29,2017,8,31,2,0,18,1,0,0,0,0,1,0,0,0,0.0,0,0,1,-147,-5.444444444444445,-2,-12,8,548,20.296296296296298,27,17,8
157,3,1,1,-20.998897751924467,-1.1666054306624705,0.2214066884665307,-1.347634843869115,-0.6913899653672825,1,171,0,705,125,21,33,2017,12,51,1,0,12,0,0,0,0,1,1,0,0,0,0.0,0,0,1,-41,-2.2777777777777777,-1,-4,4,284,15.777777777777779,17,15,3
158,2,3,0,-11.157094575264404,-0.6198385875146891,0.3185832815653654,-1.0918718068431352,0.143825769485095,1,40,0,705,129,19,27,2017,6,50,0,0,12,0,0,1,0,0,0,0,1,47,2.611111111111111,6,-1,7,-95,-5.277777777777778,-2,-9,7,338,18.77777777777778,22,16,6
159,3,3,1,-218.60838647028308,-1.0167831928850375,0.3264087471996052,-1.3500665067191506,0.9090847631320527,1,158,0,705,83,15,37,2017,3,13,2,0,13,1,0,0,0,0,1,0,0,0,0.0,0,0,1,-1378,-6.409302325581395,0,-13,14,4319,20.088372093023256,27,13,15
160,3,2,1,-42.838320282154555,-1.18995334117096,0.2146339885371095,-1.3680817815936512,-0.3342865030780903,1,179,0,661,157,-1,8,2017,12,51,3,0,16,1,0,0,0,0,1,0,0,10,0.2777777777777778,1,0,2,-25,-0.6944444444444444,0,-2,3,597,16.583333333333332,18,15,4
161,4,1,0,-149.18062763466918,-1.2128506311761722,0.17245285864441381,-1.359267577267088,-0.330013441616159,1,69,0,839,149,9,29,2017,8,17,4,0,19,1,0,0,0,0,0,1,0,130,1.056910569105691,3,1,3,-264,-2.1463414634146343,0,-5,6,2566,20.86178861788618,24,18,7
162,2,1,0,-27.15921539129714,-1.0058968663443384,0.1594627076173864,-1.1795630284780727,-0.6949964894780812,1,-1,1,755,89,-1,8,2017,1,3,3,0,17,1,0,0,0,0,0,1,0,43,1.5925925925925926,10,-1,5,-87,-3.2222222222222223,0,-8,8,451,16.703703703703702,21,13,9
163,3,2,1,-81.54860185511316,-0.9708166887513472,0.41246587218737907,-1.3557052160774323,-0.033663728233780194,1,307,0,705,6,24,33,2017,2,8,5,0,18,0,1,0,0,0,1,0,0,2,0.023809523809523808,1,0,2,-552,-6.571428571428571,0,-12,13,1698,20.214285714285715,26,13,14
164,2,3,0,-45.39377764764213,-0.9658250563328113,0.3352552284267545,-1.27246605064633,0.5551340111895341,1,108,0,705,16,15,33,2017,1,2,1,0,19,1,0,0,0,0,0,1,0,62,1.3191489361702127,10,-1,4,-78,-1.6595744680851063,0,-5,6,764,16.25531914893617,19,14,6
165,3,3,1,-210.72755059924094,-1.0329781892119654,0.26412068847937165,-1.3448053379127414,0.31119404689972835,0,-1,1,755,89,-1,8,2017,8,10,5,0,14,1,0,0,0,0,0,1,0,229,1.1225490196078431,6,-1,6,-902,-4.421568627450981,0,-9,10,4516,22.137254901960784,27,17,11
166,5,2,1,-21.626513892291893,-1.1382375732785206,0.2272503310054593,-1.3447476628608368,-0.5912723408181043,1,76,0,367,70,2,16,2017,3,10,2,0,16,0,0,1,0,0,1,0,0,0,0.0,0,0,1,-12,-0.631578947368421,0,-2,3,483,25.42105263157895,27,24,4
167,3,3,1,-7.809786643628699,-1.1156838062326713,0.24587478843634344,-1.3404324801899579,-0.6302943418870781,1,331,0,705,58,20,33,2017,4,13,5,1,11,0,0,0,0,1,1,0,0,0,0.0,0,0,1,-43,-6.142857142857143,-1,-9,5,147,21.0,24,16,6
168,3,3,1,-40.19312683867522,-1.0305929958634672,0.2035168006849157,-1.342961805497126,-0.538410169801125,1,285,0,278,17,9,37,2017,3,9,5,0,13,1,0,0,0,0,1,0,0,0,0.0,0,0,1,-174,-4.461538461538462,0,-7,7,946,24.256410256410255,27,19,9
169,2,1,0,-53.49446218458903,-1.162923090969327,0.21414390787022475,-1.356346663634119,-0.39477070266201963,1,-1,0,574,73,9,22,2018,2,47,5,0,8,1,0,0,0,0,0,1,0,64,1.391304347826087,6,1,3,-68,-1.4782608695652173,0,-3,4,685,14.891304347826088,17,13,5
170,1,3,0,-370.8773215500383,-1.0388720491597712,0.33648299749256644,-1.3505303462393812,1.084467497787128,1,289,0,560,137,5,34,2017,9,17,5,0,15,0,0,0,0,1,0,1,0,400,1.1204481792717087,6,0,7,-2084,-5.837535014005602,-1,-10,10,7701,21.571428571428573,26,16,11
171,2,1,0,-9.1724576899549,-1.0191619655505444,0.37442788977568325,-1.371037225406159,-0.3111715357832494,1,-1,1,879,0,-1,29,2017,10,42,3,0,1,1,0,0,0,0,0,1,0,18,2.0,4,1,2,-11,-1.2222222222222223,0,-2,3,155,17.22222222222222,18,16,3
172,5,1,1,-13.897956602248318,-0.8175268589557834,0.5680161390074421,-1.1140566613679581,0.7532506877962306,1,-1,1,755,89,-1,8,2017,2,4,3,0,3,1,0,0,0,0,0,1,0,19,1.1176470588235294,3,1,2,-130,-7.647058823529412,0,-13,13,359,21.11764705882353,27,13,13
173,2,3,0,-3.2545911083386363,-0.8136477770846591,0.37333163253130536,-1.3163254114855747,-0.43499537605681554,1,-1,1,690,0,-1,1,2017,1,1,4,0,13,1,0,0,0,0,0,0,1,29,7.25,10,2,3,-10,-2.5,-1,-4,4,65,16.25,18,15,3
174,3,3,1,-66.88171027900097,-1.216031095981836,0.11483081236338785,-1.359267577267088,-0.907932459753414,1,19,0,80,118,9,37,2017,5,32,4,0,20,1,0,0,0,0,1,0,0,0,0.0,0,0,1,-258,-4.6909090909090905,0,-9,10,1122,20.4,25,15,11
175,3,1,1,-48.97604173506261,-0.4801572719123785,0.7534715033770389,-1.299155988861168,1.5604673373916054,1,333,0,307,12,21,19,2017,1,44,2,0,19,0,0,0,0,1,1,0,0,3,0.029411764705882353,1,0,2,-172,-1.6862745098039216,0,-4,5,1559,15.284313725490197,18,13,6
176,2,1,0,-39.158587887789935,-1.1866238753875737,0.20032207451656148,-1.3488499169063293,-0.4037307180325478,1,333,0,307,133,21,19,2017,11,44,3,0,0,0,0,0,0,1,0,1,0,31,0.9393939393939394,1,-1,2,-47,-1.4242424242424243,0,-3,4,529,16.03030303030303,18,14,5
177,5,1,1,-32.588437195744554,-0.7948399316035257,0.3404389724732592,-1.2861841200644193,0.10670742017455234,1,96,0,307,67,24,19,2017,5,19,5,0,14,0,1,0,0,0,0,1,0,57,1.3902439024390243,3,1,3,-219,-5.341463414634147,0,-10,11,824,20.097560975609756,25,15,11
178,2,3,0,-128.0184404037775,-1.0493314787194878,0.33323730459855183,-1.3418687936747549,0.9544447378360226,1,57,0,278,85,5,37,2017,12,4,1,0,11,0,0,0,0,1,0,1,0,144,1.180327868852459,5,1,4,-215,-1.7622950819672132,0,-7,8,1855,15.204918032786885,20,13,7
179,5,1,1,-22.544972075432106,-0.9802161771927003,0.3831359852316627,-1.3680817815936512,0.18820451819244738,1,-1,1,661,157,-1,8,2017,12,52,0,0,9,1,0,0,0,0,0,1,0,42,1.826086956521739,6,-1,4,-103,-4.478260869565218,0,-12,12,413,17.956521739130434,26,13,13
180,3,2,1,-5.146195822568853,-0.7351708317955504,0.4114963277768641,-1.3057333262626396,-0.1775454047882819,1,19,0,278,23,9,37,2017,8,34,5,1,8,1,0,0,0,0,1,0,0,0,0.0,0,0,1,-25,-3.5714285714285716,0,-7,5,126,18.0,22,15,4
181,2,2,0,-4.300389875279554,-0.7167316458799257,0.1352235850272315,-0.913611100295818,-0.5912723408181043,1,-1,1,834,32,-1,27,2017,1,2,6,0,11,1,0,0,0,0,0,0,1,11,1.8333333333333333,3,1,3,-46,-7.666666666666667,-4,-12,6,132,22.0,27,18,5
182,5,1,1,-1.8150545578963129,-0.15125454649135942,1.1059980783214909,-1.356346663634119,1.3755183478848236,0,-1,1,458,79,-1,3,2017,1,3,0,0,14,1,0,0,0,0,0,0,1,77,6.416666666666667,12,1,4,-79,-6.583333333333333,0,-13,4,247,20.583333333333332,27,14,4
183,4,1,0,-11.538107491561211,-0.25640238870136023,0.6907308559778906,-1.2660499659844402,1.83317157279971,1,137,0,367,1,19,27,2017,1,4,3,0,12,0,0,1,0,0,0,0,1,141,3.1333333333333333,12,-1,9,-366,-8.133333333333333,0,-13,8,980,21.77777777777778,27,13,9
184,2,1,0,-81.65263812827153,-0.9957638796130674,0.3127376784002334,-1.3163254114855747,0.5628923455814238,1,322,0,307,15,11,19,2017,6,10,1,0,15,0,0,1,0,0,0,1,0,129,1.5731707317073171,8,1,7,-268,-3.268292682926829,0,-7,8,1905,23.23170731707317,27,20,8
185,5,1,1,-7.013597824407288,-0.7792886471563654,0.25220561816347375,-1.249663122984737,-0.3321057954157282,1,137,0,818,0,19,12,2018,1,4,4,0,15,0,0,1,0,0,0,1,0,19,2.111111111111111,6,1,4,-8,-0.8888888888888888,0,-3,3,127,14.11111111111111,16,13,4
186,2,2,0,-353.72965240151166,-1.1830423157241192,0.18142558304696438,-1.3695584313373528,-0.1913509231051864,1,161,0,705,134,3,33,2017,8,31,2,0,20,0,0,1,0,0,1,0,0,9,0.030100334448160536,1,0,2,-1692,-5.65886287625418,0,-12,13,5804,19.411371237458194,26,13,14
187,4,2,0,-16.746117595012933,-0.42938763064135727,0.8679948310010839,-1.171093759676879,2.5557951242616013,1,-1,1,879,97,-1,29,2017,1,2,4,0,19,1,0,0,0,0,0,0,1,82,2.1025641025641026,9,-1,7,-209,-5.358974358974359,0,-13,13,741,19.0,27,13,13
188,3,1,1,-84.2537553356296,-1.2962116205481478,0.09108625265688715,-1.3687312592977288,-0.8188836611739145,1,149,0,705,100,20,33,2017,12,23,5,0,14,0,0,0,0,1,1,0,0,0,0.0,0,0,1,-252,-3.876923076923077,0,-12,11,1224,18.83076923076923,27,15,11
189,1,1,0,-154.61627399052287,-0.9724293961668105,0.5213987618966935,-1.3024116265652577,1.471400364036687,1,-1,1,706,99,-1,26,2017,5,32,3,0,3,1,0,0,0,0,0,1,0,180,1.1320754716981132,6,1,4,-543,-3.4150943396226414,0,-7,8,3360,21.132075471698112,24,17,8
190,2,1,0,-149.21242256102497,-1.0971501658898895,0.3008935739915636,-1.3680817815936512,-0.19401098067314854,1,-1,1,839,149,-1,29,2017,10,41,4,0,17,1,0,0,0,0,0,1,0,203,1.4926470588235294,6,1,6,-540,-3.9705882352941178,0,-9,10,2394,17.602941176470587,23,13,11
191,3,1,1,-36.72967984173741,-0.8745161867080335,0.36460471930251653,-1.2922386041386262,0.2967802655862343,1,286,0,705,28,3,33,2017,12,50,6,0,14,0,0,1,0,0,1,0,0,0,0.0,0,0,1,-21,-0.5,0,-2,3,677,16.11904761904762,17,15,3
192,3,3,1,-23.99599308811326,-0.9998330453380525,0.4071124698118433,-1.343652736730671,-0.0733395474676083,1,137,0,705,27,19,27,2017,1,51,0,0,19,0,0,1,0,0,1,0,0,0,0.0,0,0,1,-103,-4.291666666666667,0,-12,10,430,17.916666666666668,25,13,10
193,2,2,0,-33.71880663891533,-1.0217820193610707,0.5449798541625444,-1.3109038489152398,0.9191143297670226,1,140,0,278,0,9,37,2017,11,45,0,0,17,1,0,0,0,0,1,0,0,16,0.48484848484848486,10,0,3,-99,-3.0,0,-13,8,549,16.636363636363637,27,13,9
194,1,1,0,-27.988525544379943,-0.4664754257396657,0.620543310183611,-1.264452374162918,1.083959350134403,1,69,0,307,81,9,37,2017,12,29,5,0,14,1,0,0,0,0,0,1,0,92,1.5333333333333334,10,-1,8,-275,-4.583333333333333,0,-8,9,1104,18.4,22,14,9
195,5,1,1,-5.249065863582147,-0.3499377242388098,0.38372776843131556,-1.3107366375067002,0.14252356904975447,1,-1,1,367,82,-1,16,2017,7,30,0,0,13,1,0,0,0,0,0,1,0,25,1.6666666666666667,7,1,4,-58,-3.8666666666666667,0,-9,6,292,19.466666666666665,25,15,8
196,2,2,0,-50.61836787996849,-1.0123673575993697,0.44545959985910466,-1.3677867288306533,0.7638072501661137,1,330,0,705,71,17,33,2017,1,4,0,0,12,0,0,1,0,0,0,1,0,45,0.9,10,-1,4,-115,-2.3,0,-10,8,792,15.84,23,13,8
197,3,1,1,-25.699580562564933,-1.1173730679376057,0.2490250396714077,-1.3389982267430809,-0.37315206344194674,1,25,0,683,126,7,34,2017,8,35,4,0,17,0,0,1,0,0,0,1,0,37,1.608695652173913,5,1,5,-19,-0.8260869565217391,0,-2,3,442,19.217391304347824,20,18,3
198,4,3,0,-0.736270556118072,-0.0460169097573795,0.8783563969292105,-1.2100856497539976,1.0503106831344693,1,146,0,690,140,19,1,2017,11,34,2,0,10,0,0,1,0,0,0,0,1,78,4.875,10,1,5,-62,-3.875,-1,-6,4,275,17.1875,19,15,4
199,5,2,1,-56.23576150698542,-1.0414029908701004,0.24557637378493413,-1.3396864238956685,-0.18973284466657514,1,19,0,705,144,9,33,2017,12,3,5,0,14,1,0,0,0,0,1,0,0,0,0.0,0,0,1,-127,-2.3518518518518516,0,-5,6,857,15.87037037037037,18,13,6
