first_active_month,card_id,feature_1,feature_2,feature_3,loyalty_score
2017-04,C_ID_3c7fa72a88,3,3,1,1.46361173
2017-11,C_ID_0e88908f2f,2,2,0,-0.08660799
2017-10,C_ID_f0c9288c95,3,1,1,1.36761417
2017-08,C_ID_cd14e3a35a,3,1,1,-1.24502455
2017-10,C_ID_4d0a9b9fdb,5,2,1,0.29399881
2017-10,C_ID_57ba43b047,5,1,1,2.08540134
2017-10,C_ID_1b395bce26,3,2,1,-0.87860863
2016-07,C_ID_2b08c5ad7f,3,3,1,-1.1962447
2016-04,C_ID_8721d25930,3,2,1,-4.49165395
2017-04,C_ID_ce58ebbf13,2,1,0,-33.21928095
2017-05,C_ID_f4e6144ba2,5,2,1,0.8141089
2017-08,C_ID_d071db629d,2,3,0,2.76883077
2016-08,C_ID_cbe66c263f,5,1,1,-0.44716691
2017-09,C_ID_78a6e80eae,2,3,0,1.34487785
2017-05,C_ID_901b8c977d,5,1,1,-0.16315702
2017-08,C_ID_5d9f7da362,3,3,1,0.58657594
2016-09,C_ID_1141653603,5,1,1,0.5368086
2017-10,C_ID_48e56a9b6d,3,1,1,-1.8932072
2014-04,C_ID_fa47ad79b7,5,1,1,-3.83691953
2017-09,C_ID_8f609e5f62,2,3,0,0.15443959
2017-09,C_ID_e40acbab57,2,2,0,-0.82374818
2016-10,C_ID_b9e4916a1e,2,2,0,-2.1053281
2017-01,C_ID_77d0de0883,2,2,0,3.80885632
2016-10,C_ID_b33cd74fad,3,2,1,-0.08389688
2017-08,C_ID_499361531c,1,2,0,0.26543127
2017-08,C_ID_605484f21c,5,1,1,0.86300266
2017-09,C_ID_1abc967821,2,1,0,0.17936866
2017-10,C_ID_96469ca636,3,1,1,1.193634
2017-11,C_ID_41f206ee0a,1,1,0,0.50064265
2016-06,C_ID_ebbe93daee,2,2,0,3.9473202
2017-11,C_ID_c307412f2b,3,1,1,0.5697367
2017-02,C_ID_2c5dad028b,1,3,0,-1.13327326
2016-06,C_ID_48c92eb9b0,3,2,1,-0.31606544
2017-06,C_ID_ebd6a940bb,3,2,1,0.76386886
2017-03,C_ID_9745b1ff06,4,2,0,0
2017-02,C_ID_97865d5b07,2,2,0,0.65988376
2016-12,C_ID_f698992343,5,1,1,1.11089618
2016-06,C_ID_c19bf2f57b,3,3,1,1.93194008
2017-01,C_ID_4cca015b72,3,3,1,-0.14004874
2017-08,C_ID_a9dca37420,2,3,0,-0.78499993
2016-12,C_ID_60159085fd,3,2,1,1.03676436
2016-08,C_ID_dfcadc4274,3,1,1,-0.05202028
2017-01,C_ID_ee5ad2851d,3,2,1,-4.18918212
2016-04,C_ID_36f55d4534,5,1,1,-1.19358631
2017-11,C_ID_38798cdb33,2,2,0,0.40706914
2015-04,C_ID_442db0927a,5,1,1,0.54590419
2017-08,C_ID_10e75d7d37,2,2,0,-3.45959072
2017-05,C_ID_2db8b6ce38,5,1,1,3.15121029
2017-08,C_ID_875e63c99d,2,1,0,0.14404138
2017-06,C_ID_f06dc40bd8,1,3,0,-0.44289405
2017-04,C_ID_00370b000a,5,2,1,-3.79603992
2016-05,C_ID_6739a429e0,3,3,1,-0.84309416
2015-08,C_ID_e216482cd5,4,2,0,0.1243696
2017-03,C_ID_76bc6c47e3,2,2,0,0.11848178
2016-04,C_ID_3c5e886af9,3,3,1,-0.86355139
2017-11,C_ID_462ea269d4,3,2,1,-0.03744843
2017-02,C_ID_c30491d3aa,3,2,1,2.42751855
2017-03,C_ID_eefaf8a576,2,1,0,0.55463972
2017-01,C_ID_08631c8efe,5,2,1,2.5034257
2016-12,C_ID_f11e50843b,3,3,1,1.34211453
2017-10,C_ID_6b6006b4e2,2,1,0,1.8771962
2017-08,C_ID_73c9c31f9e,2,1,0,-0.06276328
2017-05,C_ID_cd8ebaea53,5,1,1,-0.58581628
2017-05,C_ID_9667e490ab,2,1,0,1.18379429
2017-02,C_ID_36b8a69099,3,3,1,2.54150476
2016-10,C_ID_025b4d8a5c,3,2,1,2.85372719
2017-11,C_ID_83af1306ca,3,3,1,-1.58721107
2017-11,C_ID_3c25f85b34,2,3,0,0.88941482
2017-07,C_ID_2d811e46a1,2,1,0,1.4976028
2017-05,C_ID_8d55140c39,3,1,1,2.97452931
2017-09,C_ID_2f622ffca7,5,1,1,-0.74830956
2017-06,C_ID_5a5d197aba,2,2,0,-2.50651222
2014-09,C_ID_d8fa4a76e8,5,1,1,0.632975
2016-11,C_ID_766fab1bf9,5,2,1,4.31201926
2017-06,C_ID_12e55cbc3a,5,1,1,0.62599987
2014-05,C_ID_f480f0cdb4,3,3,1,-0.78634531
2017-06,C_ID_849aef715c,5,1,1,1.98347053
2017-10,C_ID_af81313faf,3,1,1,0.99889708
2017-12,C_ID_da8c72fe7a,2,2,0,-0.59161875
2017-07,C_ID_1eb03a3732,4,2,0,0.3888098
2017-08,C_ID_1e448e3830,2,1,0,0.14872799
2016-12,C_ID_3be319cd88,5,2,1,0.19296568
2016-11,C_ID_3c885d0f2b,2,1,0,0.0049174
2016-06,C_ID_7ccf73bad1,2,2,0,-1.80577361
2017-08,C_ID_27f424f20d,4,3,0,0.87835805
2016-10,C_ID_0315c0c955,3,2,1,-0.86088195
2017-01,C_ID_55060532c9,3,2,1,0.50870605
2017-06,C_ID_439753d6d8,5,1,1,0.00691511
2017-09,C_ID_24113f5b6c,4,1,0,-1.52836318
2016-12,C_ID_092e19166c,5,1,1,-1.0289237
2017-04,C_ID_2916a13b92,5,2,1,4.78567153
2016-10,C_ID_e33a7b1597,3,2,1,-2.58393793
2017-10,C_ID_4447f6402b,4,1,0,-0.38040181
2017-06,C_ID_6732532da8,2,1,0,-0.63418677
2016-03,C_ID_e05a77804e,2,2,0,0.7077856
2017-02,C_ID_8900f9fe5a,3,3,1,-0.874367
2017-08,C_ID_cc7e90b02f,3,2,1,-3.25295658
2016-02,C_ID_a769c3e55f,3,1,1,4.73217273
2017-07,C_ID_44715c41dd,5,1,1,0.17587433
2017-05,C_ID_2bafa8f3d8,3,2,1,0.21808888
2017-10,C_ID_75df6db218,2,1,0,1.2146784
2016-11,C_ID_ae679b5346,5,1,1,0.10635483
2017-03,C_ID_2e30de5464,4,1,0,0.18337048
2015-12,C_ID_e371084b02,2,2,0,-1.69795663
2017-11,C_ID_9f7644baca,2,1,0,0.12802148
2016-12,C_ID_be8ac46e08,4,1,0,2.16521348
2017-02,C_ID_a1dd5bee69,4,2,0,5.20526674
2017-07,C_ID_45cd42a5a2,3,1,1,1.7470216
2015-11,C_ID_67b4fa36eb,4,2,0,0.63567748
2017-07,C_ID_7a6e6c0ac5,1,1,0,-3.58749063
2017-10,C_ID_a112ff6527,2,3,0,-0.20119221
2017-02,C_ID_e2b967abdf,2,1,0,-0.15097425
2015-11,C_ID_00d285cf7e,3,1,1,0.47087903
2017-08,C_ID_c69df54131,2,3,0,-0.949517
2017-08,C_ID_dc33889a49,5,1,1,-0.5079482
2017-01,C_ID_2721e3c967,2,2,0,-4.37519223
2017-08,C_ID_3b5383f15e,3,1,1,0.85190404
2017-07,C_ID_5cd12d6dea,2,1,0,1.08746284
2017-07,C_ID_e5c322b92d,2,1,0,0.73164725
2016-12,C_ID_d4b79cb518,1,3,0,0.27138061
2016-04,C_ID_1e4aa9751a,4,2,0,2.2359109
2017-06,C_ID_0c80b2fd99,5,2,1,-0.98854151
2016-09,C_ID_94af9bffb5,2,2,0,-1.79251053
2017-10,C_ID_1d9fd00779,2,3,0,-1.29198459
2017-07,C_ID_5c7414e614,1,1,0,-1.01292553
2017-10,C_ID_42655adb85,5,1,1,-2.31305202
2017-08,C_ID_2c581e2d38,3,1,1,1.36075053
2015-05,C_ID_f1a05f953d,2,1,0,3.24105131
2017-06,C_ID_9b05acdc7e,3,1,1,-2.74622149
2017-07,C_ID_c9f091cbe4,3,1,1,-0.34558694
2017-09,C_ID_647493c8ca,3,1,1,-1.79449191
2017-07,C_ID_6d181cf1e9,2,2,0,1.45159347
2017-06,C_ID_f30f7940d9,5,2,1,0.19848982
2017-08,C_ID_730097b528,5,1,1,-3.13106938
2014-02,C_ID_bf9d0ef7d0,3,1,1,0.27292824
2017-08,C_ID_44fa12a904,5,2,1,0.21399163
2016-01,C_ID_369f265c92,5,1,1,-1.97264207
2017-08,C_ID_fbc70ddd63,4,2,0,-0.41384314
2016-04,C_ID_fb6295ce3b,5,1,1,0.14661325
2017-11,C_ID_3093e21999,5,1,1,0.39982358
2017-12,C_ID_0c67d1502f,3,2,1,0.29727065
2016-11,C_ID_3304443f46,1,1,0,0.93929906
2017-06,C_ID_68ff7723a0,4,2,0,0.32479431
2017-09,C_ID_d0366393ed,4,3,0,0.46189035
2017-07,C_ID_fe7c17270b,1,2,0,0.69523819
2017-05,C_ID_ac80dfa8f1,2,1,0,0.94803133
2016-08,C_ID_6d51562d6f,2,2,0,2.76705851
2015-10,C_ID_0a4cc1c250,5,1,1,1.01769377
2016-07,C_ID_1f69469e8b,4,2,0,-0.25014859
2017-08,C_ID_30e0bbbf20,2,3,0,-0.9118426
2017-09,C_ID_17c6e12cfd,2,2,0,-0.46323846
2017-09,C_ID_5eb60ca751,3,1,1,-1.02110591
2017-12,C_ID_643c600e6b,5,2,1,-0.25942604
2016-05,C_ID_9a9e8e416a,4,2,0,-0.80146737
2017-03,C_ID_8e050d4b59,5,2,1,0.59687592
2015-11,C_ID_b719517c13,3,3,1,-1.03838837
2017-07,C_ID_480ddf5ecd,3,2,1,0.2745727
2014-07,C_ID_36517301c4,3,3,1,-33.21928095
2017-07,C_ID_3cbce9ae4e,2,1,0,1.05179715
2015-06,C_ID_36db81823e,2,2,0,2.0029682
2016-09,C_ID_a9c8aac121,2,2,0,0.32468595
2016-12,C_ID_2f3a11b57c,4,2,0,0.04569572
2017-11,C_ID_fc6f595a62,4,2,0,-4.25415128
2017-03,C_ID_93cfced940,3,1,1,4.14473981
2016-07,C_ID_10a0f02112,2,2,0,-0.75530725
2017-10,C_ID_0969b35f32,3,2,1,0.00965017
2017-10,C_ID_f61b0afcf9,2,3,0,0.64328112
2017-11,C_ID_0d1cdb6efb,3,1,1,-0.43239973
2017-02,C_ID_1398d11b0c,5,2,1,0.4381627
2017-02,C_ID_4b25ed4a02,2,2,0,1.07493447
2017-11,C_ID_c4b6f179ed,2,3,0,0.12513308
2017-02,C_ID_462326398c,1,1,0,-0.57952255
2017-10,C_ID_ddedb34d11,3,2,1,-0.93382823
2017-05,C_ID_2d5fc743f0,4,1,0,0.69492584
2017-01,C_ID_2436b72c69,3,3,1,-1.2355023
2017-11,C_ID_ebb30fa148,2,1,0,0.94088037
2017-10,C_ID_466ad7b4d9,4,1,0,0.58937438
2016-08,C_ID_a0b34cd7f1,3,3,1,-1.72580174
2017-10,C_ID_b63573e555,3,2,1,0.93488665
2017-11,C_ID_8575124853,3,3,1,0.56012281
2016-07,C_ID_72db4334e8,3,2,1,-0.92213849
2017-11,C_ID_f7aa6b21c2,2,3,0,1.44086071
2016-07,C_ID_ba112af8c4,3,3,1,0.70623874
2017-07,C_ID_9425eabd18,2,2,0,-33.21928095
2017-06,C_ID_89743807de,3,2,1,0.50498058
2017-04,C_ID_09db2b41b6,3,2,1,2.8930727
2016-10,C_ID_7e4ea7d366,2,1,0,-0.06477356
2017-07,C_ID_a22acca523,3,2,1,0.38086089
2017-04,C_ID_d4cc3d0f1a,2,1,0,-0.20952121
2017-08,C_ID_081233d9ff,2,3,0,-0.12280857
2017-10,C_ID_bb23f6124c,2,1,0,-0.20813588
2017-11,C_ID_a71a0d6993,2,1,0,-0.38545046
2016-10,C_ID_f6619e736e,3,3,1,0.59460164
2016-12,C_ID_7e3af722ce,2,1,0,-1.32590495
2016-09,C_ID_074795b192,5,1,1,0.22407091
2017-02,C_ID_bc1f5217e6,3,2,1,-1.60205378
2017-09,C_ID_7916c7792d,2,2,0,-1.38472878
2016-12,C_ID_c831fa195b,5,1,1,-1.64012574
2017-08,C_ID_3ef492070e,2,3,0,-0.15253468
2017-03,C_ID_f6315bfd38,3,3,1,-0.4533048
2017-07,C_ID_d9c09b7056,2,1,0,0.27021697
2016-08,C_ID_7a865aaf41,2,2,0,0.19800052
2016-08,C_ID_fd675d95f0,3,1,1,-1.79918937
2017-11,C_ID_ae998b05ff,3,2,1,1.89972139
2016-12,C_ID_b3aebc837e,3,3,1,-0.58372545
2016-03,C_ID_c22ecd1c3a,2,2,0,-2.26303441
2016-12,C_ID_b844b747db,3,2,1,0.13382532
2017-06,C_ID_615f280ddb,5,1,1,-33.21928095
2017-03,C_ID_65c0981e0a,2,1,0,-0.5849625
2017-01,C_ID_c00e789183,2,2,0,3.80499182
2017-06,C_ID_3761c132b4,4,1,0,-1.63805056
2017-01,C_ID_e24ed9ee20,3,3,1,1.12043232
2017-03,C_ID_67f2c69ec2,2,2,0,2.26617996
2017-09,C_ID_e144047d4c,2,1,0,1.41368992
2017-08,C_ID_810241b912,1,2,0,0.73268038
2017-11,C_ID_26b50f276c,2,1,0,0.9471282
2017-08,C_ID_6e79960659,3,3,1,-0.59877381
2017-03,C_ID_4aec693eed,5,1,1,-1.08076871
2015-12,C_ID_39fc8a8c8c,5,1,1,0.32562552
2017-01,C_ID_6ceff6d04a,5,1,1,1.28945335
2016-09,C_ID_38be684d02,3,2,1,-2.3997473
2016-08,C_ID_b470a0e2ee,5,2,1,-4.01947523
2017-06,C_ID_41fb99456b,4,3,0,1.38424867
2017-07,C_ID_5fdf103291,3,1,1,3.10748203
2017-08,C_ID_42826b2657,2,1,0,-0.42423899
2017-08,C_ID_e05439513c,2,1,0,0.50422625
2016-12,C_ID_65b1395523,3,1,1,-0.43234179
2017-02,C_ID_08f8d36b35,5,2,1,0.52012477
2017-10,C_ID_d442708da1,4,1,0,1.94224475
2015-01,C_ID_fa1536f993,5,1,1,2.78434527
2017-03,C_ID_2a07e14bb2,3,2,1,-2.50166491
2017-01,C_ID_fb22a27dd1,4,1,0,-0.16355724
2017-04,C_ID_37007851cf,4,2,0,-0.09514236
2016-06,C_ID_efa5fc8f70,3,3,1,0.29423295
2017-08,C_ID_8826633ce2,2,3,0,-0.95295351
2015-09,C_ID_b58ccbb26c,3,3,1,0.64905016
2016-08,C_ID_fd0e30c1fc,2,2,0,-0.58303258
2016-10,C_ID_24a0e96527,3,2,1,-0.50015441
2017-07,C_ID_f34dec0048,5,2,1,2.99095486
2017-01,C_ID_e06d5a4847,1,2,0,0.51651761
2016-09,C_ID_8938dc5604,3,1,1,0.70049808
2017-06,C_ID_9b7d5063e0,2,1,0,-0.79615512
2017-10,C_ID_d1326e97cb,5,1,1,0.69064795
2016-09,C_ID_cf5d12ae66,3,2,1,0.33224061
2017-03,C_ID_3cc72ca3e7,5,1,1,-0.60974428
2017-05,C_ID_11579e7d91,4,1,0,-0.54629327
2017-01,C_ID_59622b7fbd,5,2,1,-0.39802889
2016-11,C_ID_dd25d4a76c,2,2,0,1.87397668
2015-10,C_ID_53cfa030ae,2,2,0,-0.97468042
2017-10,C_ID_1914951463,2,1,0,0.33433662
2016-02,C_ID_61e28f7879,2,2,0,-0.45877448
2017-09,C_ID_842c83f7f8,5,2,1,0.46814518
2017-01,C_ID_d78a9982e1,1,3,0,1.12170622
2017-11,C_ID_f9b439428d,3,2,1,-0.35452092
2017-10,C_ID_5448cbd062,5,2,1,0.68631623
2017-06,C_ID_c8a78c896a,2,1,0,-6.70785883
2017-09,C_ID_dd40820f6b,3,2,1,0.03037744
2016-10,C_ID_1bc4c93b0e,4,2,0,-3.23118661
2017-09,C_ID_3f9cbb6983,3,1,1,-1.47159279
2016-12,C_ID_edc37d5193,5,2,1,-0.87472874
2017-10,C_ID_fd4cb1f9b5,2,3,0,-0.47705997
2016-10,C_ID_7c1b6ad56b,2,2,0,-0.75211749
2017-11,C_ID_aecfc53740,3,1,1,-0.6603368
2016-04,C_ID_868ea73604,2,2,0,0.00817722
2017-12,C_ID_dc1abb0b06,5,1,1,-0.49809678
2017-06,C_ID_e2dced48ea,3,3,1,1.08431675
2017-04,C_ID_c40853915f,5,1,1,-1.22459501
2016-09,C_ID_f6b9fe69f4,5,2,1,0.78311695
2017-08,C_ID_c20d9e7256,5,1,1,-0.8136215
2017-12,C_ID_d48ac96919,5,2,1,0.18524176
2016-09,C_ID_9e2c67830b,3,2,1,0.71764174
2017-01,C_ID_b066f28e31,5,2,1,-0.72735248
2017-08,C_ID_6703c822e9,3,3,1,-0.10263278
2016-10,C_ID_5c1617d175,2,2,0,-0.78055765
2016-12,C_ID_5c3cb0fce5,3,3,1,5.01836712
2017-12,C_ID_6605d9cb13,2,2,0,-1.11967297
2017-07,C_ID_9ecd6b3965,3,3,1,1.43030955
2017-09,C_ID_31f481a059,3,2,1,-0.54288481
2017-01,C_ID_18dbdff091,4,1,0,-0.14351869
2017-12,C_ID_ba592d7c9b,1,1,0,1.13506197
2017-07,C_ID_f58eae316f,2,1,0,0.93075486
2017-04,C_ID_1caefb5285,5,1,1,0.29495928
2017-01,C_ID_0a90f550d1,3,2,1,0.97423922
2013-08,C_ID_ecade73ad5,3,3,1,1.70020704
2017-07,C_ID_3d57e59f9f,3,2,1,-3.02915562
2017-01,C_ID_9e7eab01fb,4,3,0,2.17655201
2017-08,C_ID_8ee63566c4,2,1,0,-0.19869189
2017-04,C_ID_266afa40e0,3,2,1,1.22647261
2017-10,C_ID_66485bf2b0,3,3,1,-0.48707491
2017-07,C_ID_39a55e0f65,3,3,1,1.46818315
2017-01,C_ID_cef4ce724b,5,1,1,-1.08026161
2015-03,C_ID_e00f91d399,2,1,0,0.1131442
2017-03,C_ID_3f41ee1fe9,5,1,1,-2.63337863
2017-11,C_ID_8d68012c8f,3,1,1,0.37907846
2017-12,C_ID_7e909b5fa3,1,1,0,-0.42550686
2017-08,C_ID_260536521d,5,1,1,-0.23529765
2017-07,C_ID_dfa92f5392,1,1,0,-1.6185201
2017-11,C_ID_3fb927a08f,4,2,0,0.40018271
2016-12,C_ID_9c80a0a042,5,1,1,-0.75789925
2016-11,C_ID_9ce632bbaf,3,2,1,0.0812268
2016-09,C_ID_992122bca7,3,3,1,-2.20101698
2017-04,C_ID_335ae7c457,2,3,0,-0.51166222
2017-09,C_ID_7a66230c30,2,1,0,-0.07787579
2017-10,C_ID_78f5432723,2,2,0,1.20353438
2017-03,C_ID_ee4cd0fcbf,1,3,0,1.38839728
2017-08,C_ID_ebbc48646f,5,2,1,1.2395779
2016-06,C_ID_09d4692159,5,1,1,1.14822216
2016-11,C_ID_bff5a82871,1,1,0,-0.34922403
2016-10,C_ID_7966c6a948,2,2,0,1.79031582
2017-03,C_ID_a0b555952e,1,1,0,-0.0730602
2017-05,C_ID_37a03eed89,3,2,1,-0.80460431
2017-06,C_ID_28d7621f20,1,1,0,8.01123771
2016-09,C_ID_8ddb5be28f,5,1,1,1.368374
2017-09,C_ID_aa003f336a,3,2,1,1.3835891
2017-10,C_ID_595a7078f8,5,1,1,0.55044078
2016-10,C_ID_63aa490b30,2,2,0,-0.02123383
2017-09,C_ID_a78888b365,5,1,1,-0.22835283
2017-09,C_ID_19aa1a69ef,2,1,0,0.12314344
2016-12,C_ID_1d0f2c9cad,4,1,0,-1.03774307
2017-06,C_ID_4b0c07f2d7,5,1,1,0.2733224
2016-09,C_ID_b8805de5d1,3,3,1,0.56552163
2017-11,C_ID_0b6d4da572,4,1,0,0.00446593
2017-11,C_ID_17a00ffca6,5,2,1,-1.50504201
2017-12,C_ID_7c26ff9cf1,4,1,0,-0.20428833
2017-03,C_ID_e319304dd2,2,1,0,-0.44212795
2014-08,C_ID_a3c73ffd7f,5,1,1,0.734643
2017-06,C_ID_61158a3a7f,1,1,0,-1.96972989
2017-08,C_ID_fb63dba3ea,2,1,0,1.69363621
2017-03,C_ID_2b635ec8b8,3,3,1,-0.77543872
2017-04,C_ID_eb4f014d94,4,2,0,0.07139104
2017-09,C_ID_f1963c48b7,2,1,0,-1.00479004
2017-09,C_ID_ba7d6af881,2,3,0,-0.17011035
2017-05,C_ID_7f9289cca5,2,2,0,0.07383393
2015-11,C_ID_9e53235090,3,1,1,1.52267892
2017-05,C_ID_c28298a36f,3,2,1,-0.05060916
2017-08,C_ID_a06f853b8e,4,3,0,0.79223579
2017-08,C_ID_811f1ca0e9,4,2,0,2.39873009
2016-12,C_ID_52122d1eea,5,2,1,-1.54602607
2017-06,C_ID_7a656b9b1c,2,1,0,2.79039328
2015-12,C_ID_15fbeffe75,5,1,1,-4.51688189
2016-12,C_ID_62efac33b3,1,2,0,0
2017-09,C_ID_187ae4284d,3,2,1,-0.01589057
2016-10,C_ID_35f4ec8602,2,2,0,-0.11840081
2017-05,C_ID_852487cfe1,5,2,1,-0.57663774
2017-08,C_ID_41b748cd29,5,1,1,0.05018956
2017-05,C_ID_88f72c090f,3,2,1,-0.70476204
2017-05,C_ID_f9dc8d3add,2,2,0,-2.02907311
2017-09,C_ID_32782b7da5,1,1,0,-0.34340542
2017-12,C_ID_a4d74a7a1e,3,3,1,-0.25875451
2016-05,C_ID_6523a6c41b,2,2,0,1.4249472
2017-12,C_ID_3b026d2747,5,1,1,-0.38133386
2017-07,C_ID_2ef703122a,2,3,0,-2.44148528
2016-03,C_ID_1d13861f71,5,1,1,0.90283482
2016-12,C_ID_43aa23f612,4,1,0,-0.70343707
2016-12,C_ID_acdf5f48d5,5,1,1,0
2017-08,C_ID_9ca84188ba,3,1,1,4.38059002
2017-07,C_ID_3244357d6e,3,3,1,1.49524878
2017-09,C_ID_7d6e35ef5e,2,1,0,-0.08193706
2016-04,C_ID_53c3271c38,3,2,1,0.66247893
2016-05,C_ID_18c5d9dd87,2,2,0,-1.38360679
2017-09,C_ID_8550e5a66e,3,2,1,0.49205617
2017-10,C_ID_eb0bdb6712,5,1,1,0.32199304
2017-07,C_ID_3b577a1915,1,1,0,0.11823609
2017-04,C_ID_3ff652c547,3,2,1,0.05970308
2016-02,C_ID_2049b65644,5,1,1,-0.84675227
2016-12,C_ID_39a99cb104,2,2,0,-0.08198869
2017-12,C_ID_973e8e6ece,4,2,0,1.01620816
2017-10,C_ID_87cb7dc908,2,2,0,2.15011074
2015-09,C_ID_df18953383,3,1,1,-0.32922013
2017-10,C_ID_f761a0e12a,5,2,1,-1.15461943
2017-07,C_ID_28465f721a,3,1,1,1.12693241
2017-02,C_ID_0edb47eee8,2,1,0,1.73147909
2017-09,C_ID_6a727ad698,4,1,0,0.19076996
2016-10,C_ID_6dc6715c82,2,2,0,-0.42453696
2017-09,C_ID_ed3739399e,2,1,0,0.0938835
2017-09,C_ID_e853eaa486,2,2,0,-0.1063341
2017-11,C_ID_2de9c320ae,3,3,1,-0.69402905
2017-09,C_ID_9218260d8e,2,1,0,0.97429382
2017-11,C_ID_bcaa64bad9,4,3,0,1.75525501
2016-11,C_ID_512a2b8f0a,2,1,0,-0.30006686
2017-11,C_ID_45d1c3df5c,2,3,0,-0.35092094
2017-07,C_ID_7638a8591b,2,2,0,0.34218994
2017-03,C_ID_430fa54de4,3,2,1,-0.26455811
2016-12,C_ID_4c088c62b4,3,2,1,2.29989862
2016-11,C_ID_5f22ddff0a,5,2,1,-1.5399063
2017-10,C_ID_2c491deebe,3,1,1,-0.29937194
2017-05,C_ID_6a3712ca75,3,1,1,-0.62073047
2017-10,C_ID_7cdc64c8d4,3,1,1,1.58893427
2017-04,C_ID_04ccd44c3e,5,1,1,1.22106208
2017-05,C_ID_01165a17a0,2,1,0,0.25016051
2016-04,C_ID_0f2b269781,2,2,0,-0.56952414
2017-12,C_ID_e8efafc48b,5,2,1,1.01165845
2015-05,C_ID_d601a3bfee,3,3,1,-1.71810399
2017-03,C_ID_ac3e7557e1,2,3,0,0.06383117
2017-10,C_ID_d0b5795a9a,2,1,0,0.63713009
2017-04,C_ID_c53ecb0c59,3,1,1,-1.65547208
2014-03,C_ID_f1a0499540,3,1,1,0.14538416
2017-02,C_ID_efdaa89f20,2,1,0,0
2016-11,C_ID_5406213016,4,1,0,1.08594028
2017-03,C_ID_be58eb7362,3,2,1,0.28175412
2017-12,C_ID_f7c5926979,2,3,0,0.36992586
2017-07,C_ID_960135d529,2,3,0,0.3963465
2017-11,C_ID_44dde1b6a6,2,1,0,-0.54235411
2017-01,C_ID_b08278354a,2,2,0,-1.38882768
2017-02,C_ID_f82471628a,3,2,1,2.65603861
2017-11,C_ID_b1c19985fa,4,1,0,-0.48567517
2017-02,C_ID_50beb1f4f8,5,2,1,-0.17862999
2016-11,C_ID_30ac266242,2,2,0,1.39595371
2017-02,C_ID_4c021f4436,4,1,0,-0.04006176
2017-09,C_ID_fb48e1e985,3,2,1,0.10030613
2016-12,C_ID_8aa6b3adc7,3,1,1,0.40190067
2017-12,C_ID_14675689b9,3,1,1,0
2017-12,C_ID_c844c3892c,2,2,0,0.54078565
2016-10,C_ID_525ac8d0f4,5,2,1,2.23423439
2017-11,C_ID_2a8e1c5ff8,3,3,1,-0.11148678
2017-09,C_ID_75ac7d7327,2,1,0,-0.04479239
2017-10,C_ID_90375e7d74,2,1,0,0.62191371
2016-12,C_ID_ce0e323ea3,3,2,1,-0.81393163
2017-04,C_ID_582808efbc,3,1,1,-1.92202079
2017-11,C_ID_1797516d82,5,1,1,-2.48427696
2016-06,C_ID_43afc6532a,2,2,0,2.71891515
2017-01,C_ID_2a81a2615b,4,1,0,-0.97571286
2017-08,C_ID_6eacad254c,5,1,1,0.47997693
2017-01,C_ID_829f3f9dd3,3,3,1,-1.45025737
2017-04,C_ID_5fa4d188d7,4,2,0,0.26306369
2016-12,C_ID_f18e1545b3,2,1,0,-0.50329119
2017-09,C_ID_0a2203ad7f,1,3,0,-0.49236408
2017-02,C_ID_1f477667b9,2,1,0,-0.89314565
2016-04,C_ID_dc4bcf02ac,3,1,1,1.69447398
2017-11,C_ID_3d50ea9f9e,1,1,0,1.44712415
2017-01,C_ID_2933a62d1a,4,1,0,-0.0416772
2015-05,C_ID_dc35713fed,3,1,1,0.21503961
2017-01,C_ID_3a8c56fd67,2,2,0,-0.30911784
2017-04,C_ID_755e8da056,3,2,1,2.66192139
2016-06,C_ID_36b0d57337,5,2,1,-1.13880553
2017-04,C_ID_710a588078,2,2,0,-0.3327693
2016-10,C_ID_df564bbca3,3,1,1,0.14412802
2017-02,C_ID_cd8830695f,2,1,0,0.2987397
2016-12,C_ID_6189b5b208,5,1,1,0.60981471
2017-06,C_ID_ddbb0029d9,2,3,0,-3.37026349
2016-09,C_ID_4f25428c3f,3,2,1,-1.24008807
2015-12,C_ID_659649c540,5,1,1,-5.82006828
2017-03,C_ID_8640814026,2,1,0,0.82896629
2016-02,C_ID_f9a55eab10,3,3,1,-0.00920153
2017-03,C_ID_fcf2776d04,4,3,0,0.43826436
2017-10,C_ID_c779ef5b80,2,3,0,0.20608433
2017-06,C_ID_d2cb5d4369,2,2,0,-2.86240379
2017-10,C_ID_b9bdd5147a,3,3,1,-0.76422448
2017-03,C_ID_baa6ffa9ee,3,1,1,-0.85775267
2017-10,C_ID_e87aec8f79,5,1,1,-0.43564867
2014-06,C_ID_102665eee6,3,3,1,1.35519013
2017-10,C_ID_8ae20f1821,3,3,1,1.06938043
2015-10,C_ID_ea314a8da6,3,3,1,-0.07564123
2016-12,C_ID_935bb8a006,3,1,1,-0.60433387
2017-12,C_ID_10d297d962,3,1,1,-2.32268443
2016-08,C_ID_517b5a869b,5,1,1,-1.75617041
2017-08,C_ID_0bff7ead37,2,3,0,-0.62725467
2013-08,C_ID_1b77a324a2,3,1,1,1.33733968
2017-07,C_ID_4b4e7d0aa5,3,2,1,-1.29273157
2012-10,C_ID_68028c3bcc,3,3,1,0.19628366
2017-01,C_ID_f8b05a2e20,3,2,1,-0.14699752
2017-06,C_ID_631e1d32e2,4,2,0,-0.2417066
2015-11,C_ID_1ba7d3a0b1,2,2,0,1.54976924
2017-08,C_ID_76c29f3284,4,3,0,-0.10442886
2016-12,C_ID_d9bf290a43,1,3,0,2.54328218
2017-08,C_ID_01a5f0c5f1,5,1,1,1.05522937
2017-01,C_ID_9439366d82,3,2,1,0.09798694
2017-09,C_ID_0462ded3ea,5,1,1,0.80712718
2017-12,C_ID_9316e03079,5,1,1,0
2017-08,C_ID_3fc66a1540,5,1,1,1.67914432
2017-06,C_ID_73e4f5da71,2,2,0,1.20673044
2017-01,C_ID_3a31a6bb41,1,3,0,-2.56748684
2017-09,C_ID_0692cd3d6d,3,1,1,-2.84230752
2017-06,C_ID_4728910dbf,2,2,0,-1.62089144
2017-12,C_ID_bfb9ef8ddd,2,1,0,0.16454366
2016-10,C_ID_80d8630448,3,3,1,-0.5170886
2017-03,C_ID_6714ad1b68,2,1,0,-0.5431761
2017-09,C_ID_3dccf47417,5,2,1,-1.58709943
2015-09,C_ID_0ee8b22e8a,3,3,1,-0.2935539
2017-08,C_ID_34eb454344,2,1,0,5.33519271
2017-02,C_ID_548fe39223,5,1,1,-0.85831179
2016-08,C_ID_a536980a94,2,2,0,-2.16281022
2017-12,C_ID_39f7d51c01,4,1,0,0.63161573
2017-11,C_ID_6a9d23ccea,2,2,0,1.01097175
2017-04,C_ID_a8e158cd63,3,2,1,0.44165524
2017-02,C_ID_f1c409bc1e,2,1,0,-0.7032946
2017-02,C_ID_08baee55f7,4,3,0,-1
2017-04,C_ID_eeb6044d49,2,1,0,3.31460164
2017-11,C_ID_85e97417f2,3,2,1,0.9009126
2017-01,C_ID_27b8bfc740,5,2,1,2.5536571
2016-10,C_ID_89ca93dbdb,3,1,1,-2.77316282
2017-03,C_ID_21134ffd7e,3,3,1,-0.32767445
2016-09,C_ID_528187f511,3,2,1,0.53709177
2016-03,C_ID_09410e1932,3,3,1,1.54272425
2017-10,C_ID_407d8d597b,1,1,0,1.90354206
2017-10,C_ID_ec8363fbd2,5,1,1,-1.79681775
2017-05,C_ID_41036fca7d,1,3,0,0.4798665
2017-07,C_ID_ebbeaba9cb,4,3,0,-2.14909475
2016-07,C_ID_2d3b974db7,3,2,1,-0.3985774
2017-09,C_ID_e247d8ba37,3,1,1,0.69215432
2017-10,C_ID_b71ef2e771,2,2,0,2.06732114
2017-07,C_ID_3856ffeeb6,5,1,1,-0.53429274
2015-03,C_ID_74e98e8b1a,3,3,1,-0.59681562
2017-09,C_ID_02a8e96344,3,1,1,0.75219782
2017-12,C_ID_003904d29f,2,1,0,-1.26461678
2017-06,C_ID_44c78aed6c,2,2,0,-0.07674858
2016-08,C_ID_eb3bc85110,2,2,0,-0.33080556
2017-02,C_ID_e57117da28,2,2,0,3.93949526
2015-10,C_ID_683468c4dd,2,2,0,-1.10798999
2017-07,C_ID_c13f95faa3,4,3,0,-0.5216609
2016-10,C_ID_04eff0925e,2,2,0,0.28023792
2017-10,C_ID_85457ab465,3,1,1,-1.09726489
2017-09,C_ID_84aea21c6d,2,1,0,-0.34745189
2016-05,C_ID_91ee0c8e36,2,2,0,1.19808671
2017-05,C_ID_f102e3494a,3,2,1,-1.58964702
2017-07,C_ID_50b36cc7dc,5,2,1,0.22641833
2014-11,C_ID_8ee3e19740,3,3,1,-2.62549254
2017-04,C_ID_e1b98c387e,3,1,1,-1.5060787
2016-02,C_ID_b487956940,2,2,0,2.25884864
2017-10,C_ID_d2502c3b8a,2,1,0,0.96219292
2016-08,C_ID_33b208e1a7,5,1,1,-0.38270263
2017-09,C_ID_7a5815ead8,3,1,1,-0.33921161
2017-07,C_ID_8a3965b565,2,1,0,1.34812633
2017-07,C_ID_814c5d3082,3,1,1,-0.25433952
2014-05,C_ID_81ee54cc41,3,3,1,0.63280924
2017-01,C_ID_f7e729e9fd,3,2,1,-0.58101643
2017-12,C_ID_0821a51bc5,4,3,0,0.76951649
2017-09,C_ID_fd9b02af15,2,1,0,0.30280708
2017-05,C_ID_d185ac4693,3,1,1,-0.30326157
2017-10,C_ID_b5db42b9a1,3,2,1,1.03795658
2017-12,C_ID_b876c0a881,2,1,0,-0.67600329
2017-01,C_ID_b365a4de42,2,2,0,-0.14398922
2015-04,C_ID_da6bec1c1a,3,1,1,1.03049708
2017-02,C_ID_7b0a0bf4a4,2,1,0,-0.70638037
2017-09,C_ID_214daf986c,2,3,0,-0.20922974
2017-02,C_ID_2ed21257f0,3,1,1,-1.71107885
2017-08,C_ID_f376c2cdd0,2,1,0,1.55006768
2017-01,C_ID_8e139c2e08,5,2,1,-0.51084043
2017-03,C_ID_37e23fe25f,5,1,1,1.63003652
2017-10,C_ID_d879e1aaf0,3,2,1,-0.68853671
2017-06,C_ID_7f05059481,3,2,1,-1.24910949
2017-04,C_ID_2b1b7291e7,5,2,1,1.53316411
2017-01,C_ID_91df544b6f,3,3,1,-0.64178879
2017-09,C_ID_543d1deba0,2,1,0,-0.65792733
2017-06,C_ID_2860528b0e,2,1,0,0.27431187
2017-03,C_ID_e7f721eb0e,5,2,1,-2.16905404
2017-11,C_ID_5e9ffa14d7,1,1,0,-0.21682753
2017-09,C_ID_dc54d9b627,2,1,0,1.38562335
2017-08,C_ID_a7b400a0b9,3,1,1,2.74433935
2017-02,C_ID_ecaa6e8e98,3,3,1,0.04489136
2015-07,C_ID_bdd054fe12,3,3,1,2.55352844
2017-08,C_ID_97c93c722a,3,2,1,2.08785728
2015-11,C_ID_53dd4a7584,3,1,1,4.34990069
2017-11,C_ID_7379475494,2,1,0,-0.37437602
2013-08,C_ID_df3b716bf0,3,1,1,-0.50157147
2017-08,C_ID_75223134d3,2,1,0,-2.90993307
2016-07,C_ID_0d13764db4,5,1,1,1.78674794
2016-08,C_ID_117f10cbf0,4,2,0,1.85640524
2017-08,C_ID_da9936534e,1,1,0,-0.03268764
2016-10,C_ID_6efd81873b,3,2,1,0.03712062
2017-08,C_ID_597ba26111,2,2,0,1.79507237
2016-01,C_ID_b6c854ab6f,5,1,1,0.68717316
2017-10,C_ID_3ec4383156,2,1,0,0.15091882
2017-07,C_ID_d9a5f12452,2,1,0,-0.76849122
2017-12,C_ID_e396074901,3,1,1,-0.90117439
2017-11,C_ID_daead43e19,3,2,1,0.61084266
2017-03,C_ID_6c523e3c16,3,1,1,0.43480518
2017-08,C_ID_1d69ac9820,3,1,1,-0.45704092
2017-03,C_ID_0ec0cff656,3,3,1,1.10892301
2017-09,C_ID_9c7d965d81,5,2,1,0.13786307
2015-12,C_ID_d1b2361132,5,1,1,-1.0350256
2017-01,C_ID_0747ead729,3,1,1,0.20749949
2017-08,C_ID_cf1340f4ad,3,1,1,-1.85299814
2017-10,C_ID_74ad91bb4f,5,1,1,-1.85799932
2016-08,C_ID_66f06746f1,5,1,1,-0.53560944
2017-08,C_ID_d390806d01,3,1,1,0.32126699
2016-09,C_ID_494180d437,5,1,1,-5.07840361
2017-10,C_ID_9baebf6bdb,2,1,0,0.75100948
2017-11,C_ID_4633d0af3e,5,2,1,-0.15610585
2017-10,C_ID_3e27dd8834,2,3,0,1.73253193
2017-01,C_ID_1ba091cdeb,3,2,1,-0.69224682
2017-10,C_ID_7b6d4c8781,2,1,0,-0.69179322
2017-01,C_ID_89f5a36cc3,3,1,1,0.60357515
2017-12,C_ID_801642ceb5,3,1,1,0.38400043
2017-06,C_ID_5b8fc7fab9,3,2,1,-0.97119022
2017-02,C_ID_4698a60e15,1,3,0,-0.5850386
2017-10,C_ID_d520e97b21,3,2,1,-3.2412591
2017-05,C_ID_311e3408f7,3,2,1,2.52806603
2017-08,C_ID_1076dd768b,2,1,0,-0.07629584
2016-10,C_ID_ade60e69db,3,2,1,-0.94826891
2017-02,C_ID_0753025ff4,3,3,1,1.76719415
2017-04,C_ID_b5b804ece9,5,2,1,4.71381823
2017-11,C_ID_c3212b0cd8,3,2,1,0.08895407
2017-08,C_ID_c9792fffde,2,1,0,1.04761109
2017-10,C_ID_21f76d3b01,3,2,1,-9.38590553
2017-07,C_ID_22aa681e9f,3,2,1,0.17633867
2016-12,C_ID_80f05cbc92,1,3,0,-0.79680242
2016-09,C_ID_55315f08a0,5,1,1,-0.04332443
2017-10,C_ID_de19b3dc42,2,3,0,-1.58327785
2017-09,C_ID_27e0f9709c,4,3,0,-0.81804857
2017-09,C_ID_28f3cbfc48,4,1,0,-1.34239493
2017-06,C_ID_102b0653da,2,1,0,-4.06369949
2017-09,C_ID_98d7a7a341,4,1,0,2.4494113
2017-10,C_ID_b78f55dcaf,5,1,1,-1.08456002
2017-10,C_ID_9337973f45,2,1,0,4.93032542
2016-06,C_ID_8a67670d37,3,3,1,-4.48197374
2016-03,C_ID_43d4f981f7,2,2,0,-0.47792634
2017-03,C_ID_2747b3a8ec,3,1,1,0.02075856
2017-08,C_ID_5ff2897da3,5,2,1,-0.24949528
2016-11,C_ID_e26f207f0d,5,2,1,-0.60572255
2017-02,C_ID_98cbf4cc2f,3,2,1,-1.26804239
2017-11,C_ID_a644a818bf,3,1,1,-2.1626692
2017-07,C_ID_76ba7bc77c,2,2,0,2.631582
2016-10,C_ID_ac9bbcbdae,2,1,0,0.24403767
2016-11,C_ID_bdfd641dbb,3,3,1,-5.96330352
2016-12,C_ID_3b7797bd93,3,1,1,-1.88275627
2017-07,C_ID_bbd839dbd7,5,2,1,-0.40426822
2017-07,C_ID_6940fc0fd6,3,1,1,-0.36573373
2017-02,C_ID_55764004c7,5,2,1,1.15116081
2017-10,C_ID_ca83289cc9,5,1,1,0.03483932
2016-09,C_ID_ef4232f17d,5,2,1,0.18053001
2016-02,C_ID_1691c13950,3,3,1,-0.31379444
2016-11,C_ID_63cb532522,3,2,1,0.67858202
2017-08,C_ID_63ff55fa2a,2,2,0,-0.29180204
2017-07,C_ID_269a24f21c,1,1,0,-0.72609173
2017-09,C_ID_e865afbc2a,4,1,0,-0.71559659
2015-11,C_ID_5703ca9ec8,2,2,0,0.52263603
2016-07,C_ID_5be0f94434,3,1,1,5.02458564
2015-07,C_ID_9ffc70209b,2,2,0,2.44200489
2017-06,C_ID_4846dff1e3,3,2,1,0.35149191
2017-12,C_ID_f665f10656,3,2,1,1.40705614
2016-12,C_ID_5cb1ddc1f1,1,1,0,2.02885029
2016-10,C_ID_8e745d9a23,2,1,0,-0.13566523
2017-11,C_ID_404e5a0ef5,2,3,0,-1.06702898
2016-11,C_ID_5177aa48d1,3,1,1,-0.53525017
2017-09,C_ID_a0dbfb004d,3,2,1,-1.79854842
2017-02,C_ID_d82cb1a210,2,1,0,1.81799426
2017-09,C_ID_4d0ef423ed,3,3,1,0.76382963
2017-12,C_ID_5c6a8935bf,5,2,1,0.19962506
2017-10,C_ID_9a57e54b66,3,1,1,0.28216234
2017-07,C_ID_bd6b0a1041,3,3,1,-0.20262277
2017-12,C_ID_f8d9312e5b,3,2,1,-0.42374756
2016-12,C_ID_d3f253a042,5,1,1,-0.03614114
2017-07,C_ID_d5b0f2c6b5,2,2,0,1.47377344
2017-11,C_ID_c91a2dc63d,3,3,1,0.12639245
2017-05,C_ID_8fac4d7f25,2,2,0,-0.70046958
2016-06,C_ID_e883828542,2,2,0,-0.32048968
2016-07,C_ID_8d3aa253de,2,2,0,6.22376576
2015-11,C_ID_53f3d77d6a,4,2,0,-1.31976464
2017-02,C_ID_5ff3cd0089,3,1,1,-0.62353071
2016-07,C_ID_2b8c0a04f7,2,2,0,2.04997071
2016-12,C_ID_37117c7425,2,2,0,-0.93607239
2017-10,C_ID_bff1ead482,3,1,1,-0.87355626
2017-12,C_ID_e7cc28c532,4,2,0,2.31300452
2017-01,C_ID_655d0633ac,3,3,1,4.37734122
2017-08,C_ID_7f3ad89858,3,1,1,-0.85705018
2017-11,C_ID_b964e86133,2,2,0,1.67481243
2017-08,C_ID_f7b7cfb9a6,4,3,0,-0.58894192
2017-08,C_ID_84dd225dd0,4,3,0,1.24800088
2017-10,C_ID_3f7801f02d,2,1,0,1.2501758
2016-11,C_ID_4107f533de,5,1,1,0.32074875
2017-09,C_ID_b759458103,2,1,0,-0.4929764
2017-07,C_ID_67007ecb97,5,2,1,-0.54062213
2016-12,C_ID_b880d9921a,2,2,0,-0.25772576
2017-04,C_ID_15e73903a0,2,2,0,1.4176037
2016-06,C_ID_35d7ca9305,3,3,1,-33.21928095
2017-05,C_ID_309af0a7ee,5,2,1,1.47901737
2017-12,C_ID_bd47f42cb9,3,2,1,0.05362848
2017-12,C_ID_54722e1225,2,2,0,-0.51575625
2017-12,C_ID_36a3dae4a6,3,1,1,0.84685117
2017-07,C_ID_d9f5b22832,2,2,0,1
2017-03,C_ID_f1e72aac13,1,1,0,1.17580931
2017-08,C_ID_99c51e6c5c,2,1,0,-1.46396942
2015-11,C_ID_083d3099b6,3,1,1,-0.22578389
2017-03,C_ID_43a6178c25,3,3,1,0.20312636
2016-10,C_ID_49898c7cee,5,1,1,1.17777027
2016-06,C_ID_1be9b23a77,2,2,0,0.79924927
2017-06,C_ID_7fe512ca0d,4,1,0,0.9992087
2013-08,C_ID_682115cbaa,3,3,1,0.8211739
2017-11,C_ID_ca36bcfbc0,3,1,1,0.84655996
2015-06,C_ID_3663065c2b,5,1,1,-0.64656337
2017-04,C_ID_bb2abc5baa,2,1,0,-0.48889907
2015-12,C_ID_8982ee9981,5,1,1,3.1035508
2017-08,C_ID_100e3a00e2,2,2,0,0.37517363
2017-12,C_ID_4288fffc00,5,2,1,-0.11913961
2017-07,C_ID_7c2c83641d,5,2,1,0.79802198
2017-06,C_ID_ea465edfb7,2,1,0,-0.00417901
2017-01,C_ID_ca886b6a70,3,3,1,0.48057599
2017-08,C_ID_91d80ef73b,5,1,1,-1.12760457
2017-11,C_ID_4de0d95bad,5,1,1,0.89686391
2017-01,C_ID_5e6860887c,3,3,1,-3.13715572
2017-12,C_ID_612016dc72,3,1,1,0.14376346
2016-08,C_ID_afc8ea0512,5,2,1,-0.27965106
2017-07,C_ID_f8e17cbd7f,4,1,0,0.17981538
2017-11,C_ID_b9c9047cb9,2,1,0,0.0239795
2017-01,C_ID_16831c6ef6,3,1,1,-1.91532968
2016-05,C_ID_a0db7bfd29,3,2,1,1.17565304
2017-09,C_ID_456a234e8b,2,3,0,0.00236059
2017-02,C_ID_eb4017e8f3,2,3,0,-0.80755026
2015-11,C_ID_b79448801d,3,1,1,-0.26350846
2013-09,C_ID_c2091c06ad,3,3,1,2.55225955
2017-09,C_ID_ffbf5034c7,2,1,0,0.60951545
2017-05,C_ID_4022e6b330,3,1,1,0.49149042
2016-10,C_ID_4db6777a92,5,2,1,-2.25398927
2017-09,C_ID_449f00b2ce,3,1,1,-2.96831095
2014-06,C_ID_e1dfe7d631,3,3,1,3.05790744
2016-07,C_ID_4344d74b04,3,3,1,0.95436081
2017-10,C_ID_4681234547,4,2,0,1.67433994
2017-11,C_ID_fb926bc7b4,3,1,1,-1.05805538
2016-12,C_ID_2ad4d8208a,2,1,0,0.92560256
2017-08,C_ID_292c162a4e,1,1,0,-1.09217255
2016-07,C_ID_dc2a0ea627,2,2,0,1.35246746
2017-10,C_ID_1c08ce123a,3,3,1,-0.21211948
2017-11,C_ID_bf14da96d1,5,2,1,-0.19599665
2016-10,C_ID_bd2462ab3e,3,3,1,-33.21928095
2017-08,C_ID_60e01ffaf7,3,2,1,1.26925373
2017-01,C_ID_37af74ddbf,3,2,1,-0.36711382
2017-02,C_ID_e0c97fa857,3,2,1,-0.6494343
2017-04,C_ID_00892c8924,2,1,0,-0.961901
2017-08,C_ID_b8139d64ed,5,2,1,-0.25685782
2017-12,C_ID_80e4e76701,2,1,0,1.57009322
2015-12,C_ID_9fc16eb83c,5,1,1,-33.21928095
2017-08,C_ID_ccc15df9e7,1,1,0,0.69577357
2016-07,C_ID_0dfb05e160,2,2,0,-0.75678315
2017-12,C_ID_66f61bcede,2,3,0,1.48508933
2017-06,C_ID_91197cb7ad,5,1,1,1.68225567
2017-10,C_ID_b8488a15ee,3,2,1,1.97037161
2016-10,C_ID_257f8be60f,3,1,1,0.67406756
2017-06,C_ID_1c0db04040,2,1,0,-0.63619707
2016-08,C_ID_1a59377691,2,2,0,-0.58322413
2017-02,C_ID_6340f15fe7,3,1,1,0.97834207
2017-08,C_ID_40236efb2b,2,2,0,0.47497972
2017-07,C_ID_8affbeef05,5,2,1,0.18563547
2016-07,C_ID_2a884c3a34,2,2,0,0.67824655
2017-10,C_ID_3218eeacfb,1,1,0,2.32403569
2017-02,C_ID_c6af08903a,2,1,0,-0.16463183
2015-10,C_ID_2b96c9d9e2,5,1,1,-1.68274123
2017-10,C_ID_6c7a64d54c,3,1,1,-1.8762919
2016-08,C_ID_a2ab9897c5,3,3,1,-3.56815541
2017-11,C_ID_31e15d5e20,4,1,0,0.32215441
2017-09,C_ID_b066456fe0,2,2,0,-0.04123023
2017-09,C_ID_527bbeb6a4,2,2,0,2.93218284
2017-09,C_ID_039e458213,3,2,1,2.21858704
2017-03,C_ID_b08bee04d3,2,1,0,0.30349982
2017-03,C_ID_35209ab7be,2,1,0,-33.21928095
2016-11,C_ID_fee36ab8ef,3,1,1,-0.25122717
2015-11,C_ID_0d83763c5a,5,1,1,0.56419716
2017-03,C_ID_153197e657,1,3,0,0
2016-09,C_ID_25f22ac1a8,2,2,0,-0.41269356
2017-04,C_ID_bd9e579ae9,3,1,1,-0.11306809
2016-03,C_ID_05c6c06231,2,2,0,-1.49388634
2017-10,C_ID_558bb29128,3,2,1,0.85991906
2016-10,C_ID_1cc4f4cb1e,5,1,1,0.79223762
2017-11,C_ID_436a7e9b8d,1,1,0,0.52454639
2015-10,C_ID_93cfdf541d,5,1,1,-9.15079896
2017-12,C_ID_0f34a5bacc,3,3,1,0.91786706
2017-07,C_ID_f06523dce2,3,2,1,-0.26674177
2017-04,C_ID_9a4c709ec1,2,3,0,1.88265824
2016-06,C_ID_450cca5a2b,2,2,0,3.63689612
2017-06,C_ID_5546d11360,1,1,0,-0.50356245
2017-08,C_ID_81de185475,3,2,1,0.83376434
2016-05,C_ID_4887fc3cb7,2,2,0,-0.22646583
2017-02,C_ID_e535010ea3,1,2,0,-3.54086092
2017-07,C_ID_2d2b3f8c9d,2,2,0,-0.79162499
2016-02,C_ID_f91cc3643c,3,1,1,-3.42685096
2016-05,C_ID_890a79de52,5,1,1,-0.27022271
2017-08,C_ID_6af2674944,2,3,0,-0.36077162
2016-07,C_ID_ed896b7e74,2,2,0,-0.58758636
2015-09,C_ID_0daf4358af,5,1,1,-1.03590176
2017-05,C_ID_f82d12b735,3,2,1,0.64903132
2016-05,C_ID_58f453478e,3,3,1,0.42712185
2016-07,C_ID_2cc6a6624e,2,2,0,0.42826243
2015-06,C_ID_37550bd64f,5,1,1,-1.71444341
2016-12,C_ID_a2967c7012,5,2,1,-1.82246993
2016-12,C_ID_2510759d67,1,2,0,0.52380107
2017-06,C_ID_243491c2d8,3,2,1,1.27988632
2017-10,C_ID_4501169ff2,3,1,1,0.10944533
2017-11,C_ID_82e4800b33,5,1,1,-0.75279203
2016-12,C_ID_09028923eb,1,3,0,-0.55434881
2017-04,C_ID_376be31279,4,2,0,-1.63497757
2017-10,C_ID_4de3964e2d,5,1,1,0.6458958
2017-11,C_ID_a4b19861d9,2,3,0,-0.00721868
2016-09,C_ID_87044c11e5,3,3,1,1.89438999
2017-06,C_ID_d613f5d153,2,1,0,-0.01196518
2017-01,C_ID_27aa236cf7,5,2,1,1.76993571
2015-10,C_ID_b8b315c479,2,2,0,-1.94254785
2017-06,C_ID_0bcad98ba9,4,2,0,-0.04126248
2017-08,C_ID_0471d161e5,3,1,1,-0.17963421
2014-11,C_ID_748ac15196,5,1,1,0.07999347
2017-08,C_ID_9118062f5d,3,3,1,0.39047547
2016-08,C_ID_cabd63ad04,5,1,1,-0.83047362
2017-03,C_ID_76c9a22675,3,2,1,0.33358205
2016-12,C_ID_e13ccb8943,5,1,1,0.94760142
2016-11,C_ID_f223d58593,3,2,1,2.29110026
2017-11,C_ID_5b1dff517a,2,2,0,0.60084075
2015-11,C_ID_41677a9a42,4,2,0,0.46642022
2016-12,C_ID_f0e56f435c,5,1,1,0.43058226
2017-08,C_ID_1a393cb57d,2,1,0,-0.08110481
2016-10,C_ID_d33be9fad9,5,1,1,0.43715007
2017-11,C_ID_b654ef5c31,2,3,0,1.1886951
2017-07,C_ID_947402151d,2,1,0,-0.74126849
2017-04,C_ID_fd5ab323ea,2,2,0,-0.54917956
2017-08,C_ID_be8971732f,4,3,0,-0.93543192
2017-08,C_ID_f1ebb39195,5,2,1,0.10470423
2015-07,C_ID_8f9decddd5,5,1,1,0.07044286
2015-02,C_ID_ae51caac6c,2,1,0,1.25187973
2017-09,C_ID_6ff670d3b7,2,1,0,-1.88236277
2016-08,C_ID_89f9b1a28b,5,1,1,0.80728919
2017-07,C_ID_7c21bfd03c,5,1,1,-1.16764087
2016-01,C_ID_835be82e4b,2,2,0,-0.22654012
2016-07,C_ID_6aa6e4c616,3,2,1,-0.15272662
2015-06,C_ID_b0adc381fa,2,2,0,-0.05948939
2015-07,C_ID_71d8f94969,3,1,1,0.03776904
2017-11,C_ID_0fa4b12263,4,1,0,0.4562232
2017-06,C_ID_1abda71d6c,2,1,0,-0.0533961
2017-07,C_ID_b992dc6476,5,1,1,-0.31046457
2017-02,C_ID_ab5ea7d0ea,5,2,1,-3.32791262
2016-08,C_ID_367b6ee3d0,5,1,1,1.81761038
2014-07,C_ID_663a043599,3,3,1,-1.26149021
2016-11,C_ID_03ad141024,5,2,1,-1.17107555
2015-04,C_ID_66637037d2,3,3,1,-1.06636074
2017-05,C_ID_438d3e8b11,2,1,0,0.14872893
2017-01,C_ID_0154533635,4,2,0,1.60140383
2016-06,C_ID_e3bc8a34d9,3,1,1,1.33183702
2016-07,C_ID_95dd77c74b,5,1,1,0.2143904
2017-09,C_ID_df8cc7592a,3,1,1,-0.33597491
2017-01,C_ID_f741ce1d3a,5,2,1,1.57950239
2017-11,C_ID_3931068ead,1,2,0,-1.20836675
2017-07,C_ID_5c71401e0b,2,2,0,0.73557867
2015-09,C_ID_04afbf997a,3,3,1,-2.98406913
2017-12,C_ID_f42d9e5500,2,2,0,-3.34479798
2017-10,C_ID_36c5b07d90,3,1,1,2.23192201
2016-11,C_ID_919b22c707,5,2,1,-0.61944864
2015-11,C_ID_7254697bc7,5,1,1,2.33466939
2017-11,C_ID_bf0acc0f0e,4,3,0,0.6389417
2015-10,C_ID_7d05279f8d,5,1,1,2.302387
2017-03,C_ID_ef69ffa826,5,2,1,-1.05114324
2016-04,C_ID_29d2f48127,2,2,0,-1.28383173
2016-08,C_ID_1d59829850,2,2,0,2.29923505
2017-11,C_ID_587317efa9,2,1,0,-0.79646549
2017-09,C_ID_02754f0f3e,3,1,1,-0.20413846
2017-06,C_ID_d1d4144c3a,5,1,1,2.78939484
2017-12,C_ID_34c6fc0f40,3,1,1,-2.6927095
2017-12,C_ID_365b1680a8,2,1,0,-0.11018902
2017-03,C_ID_5fc3806d9a,3,2,1,1.55883731
2015-07,C_ID_4e0f61c8f9,3,1,1,-0.0617659
2017-11,C_ID_de892946e2,3,1,1,0.47499821
2017-08,C_ID_4b48a475c6,2,1,0,-2.04495589
2015-12,C_ID_27ccdb93f5,5,1,1,-0.09817247
2017-09,C_ID_ff4de05391,2,1,0,0.41424259
2017-01,C_ID_408644a437,2,1,0,-1.97203143
2016-10,C_ID_0ee757dc85,3,3,1,1.93987932
2016-07,C_ID_f89dc4a7e6,2,2,0,1.95820391
2016-08,C_ID_0ebf80ad7f,3,2,1,0.30755814
2014-09,C_ID_bef37434da,3,3,1,-2.01030102
2016-01,C_ID_6e8d8b825a,3,3,1,-0.29624577
2016-07,C_ID_561531de48,3,3,1,3.19860249
2017-06,C_ID_3c4992ffa6,3,2,1,-2.56341363
2017-09,C_ID_4750381340,3,1,1,2.05682549
2016-10,C_ID_7a2fdb326a,5,1,1,0.37000904
2017-07,C_ID_3b9d309820,2,1,0,0.98911248
2017-06,C_ID_4642dca4d4,4,2,0,1.34685845
2017-07,C_ID_8b44c50591,3,2,1,0.99581206
2015-12,C_ID_54c2f3f95a,5,1,1,-1.51351339
2016-12,C_ID_f97815ba14,3,2,1,2.45405157
2017-10,C_ID_dfe4d369b9,2,3,0,-0.48900589
2017-08,C_ID_a19079baaf,4,3,0,-1.13290746
2016-12,C_ID_4bdd802288,3,3,1,0.32295602
2017-10,C_ID_e074106fe0,3,1,1,-3.61729848
2017-11,C_ID_7cc537a127,3,1,1,0.03433601
2017-02,C_ID_3420aebb93,5,2,1,-1.26498869
2017-10,C_ID_937165c09f,3,3,1,-3.03925375
2017-02,C_ID_71184db66b,4,1,0,-4.47187039
2016-08,C_ID_5db094cdb4,3,2,1,0.93446891
2016-03,C_ID_63adf047a8,5,1,1,2.18716334
2015-12,C_ID_d48cead114,5,1,1,0.33660763
2017-05,C_ID_a12d3ad335,2,1,0,-0.9294664
2017-04,C_ID_df7512ce4a,3,3,1,-2.29194501
2016-07,C_ID_aa178f5361,3,3,1,-0.97429088
2017-09,C_ID_1683c89413,3,1,1,-0.70428186
2017-06,C_ID_d2eadba62c,3,2,1,0.78847226
2017-08,C_ID_6013de2dd3,3,2,1,3.62160442
2016-09,C_ID_44cbaf67ef,5,1,1,-33.21928095
2017-08,C_ID_d149c7ab6d,4,3,0,-1.33295075
2017-04,C_ID_bb7142151a,5,2,1,-2.00468402
2016-12,C_ID_d75ffb5a5e,3,1,1,-6.49593495
2017-03,C_ID_a0160c3b8c,3,1,1,0.38013287
2013-12,C_ID_5036e7719b,3,1,1,-1.27600711
2017-06,C_ID_d5066c52a6,5,2,1,-0.42661212
2016-07,C_ID_5c11be4377,5,2,1,1.00072117
2013-12,C_ID_bc43bf5135,3,1,1,-0.37139071
2015-09,C_ID_3eb1f6a8df,3,3,1,0.61191955
2017-08,C_ID_a488330205,2,2,0,0.80820279
2016-09,C_ID_ea299331ff,3,2,1,0.67699336
2017-05,C_ID_6a7f898fbe,4,1,0,-0.59739487
2017-06,C_ID_97bb378040,5,1,1,-0.56751684
2016-04,C_ID_3af2a05732,3,2,1,-0.57326347
2013-06,C_ID_e68bcb29f1,3,3,1,-0.50706475
2016-06,C_ID_d1d3befeea,3,2,1,3.03252987
2017-11,C_ID_b5bae861b7,2,1,0,0.85447413
2016-08,C_ID_b896bdea8a,2,2,0,-0.17399892
2016-03,C_ID_fb1b053c24,5,1,1,-0.29526753
2016-05,C_ID_4a84952ab6,2,2,0,-2.05921422
2015-10,C_ID_f8065ffa53,3,3,1,2.85850014
2017-11,C_ID_83b7cee22a,2,1,0,-0.33728981
2017-10,C_ID_c4dedf88c0,3,1,1,0.5091224
2017-07,C_ID_499a033616,5,2,1,-2.80897207
2017-07,C_ID_779a55b887,3,2,1,-2.46694476
2015-12,C_ID_b44a3b9037,5,1,1,-0.25695678
2016-12,C_ID_ff046159f1,2,2,0,-3.34218841
2017-07,C_ID_efb4b1f7f9,3,2,1,-33.21928095
2017-11,C_ID_a01d5789e6,1,2,0,-0.8212403
2016-08,C_ID_d17d88386c,2,2,0,-1.45280531
2017-09,C_ID_9b31066893,3,2,1,-2.03884427
2016-12,C_ID_5692e0413f,3,3,1,-1.23921597
2015-04,C_ID_cf29f27a2e,5,1,1,0.53768168
2017-08,C_ID_a9e92e2cf6,2,2,0,0.63826381
2017-12,C_ID_bba8c9f7d7,2,1,0,-0.63327378
2017-09,C_ID_fca0775a7a,4,2,0,1.87370379
2016-12,C_ID_9ef43f5ac5,5,1,1,0.47018023
2017-02,C_ID_5dbe331768,5,2,1,0.52980541
2017-05,C_ID_73358e087e,2,2,0,-0.82445815
2017-11,C_ID_944546253b,2,1,0,-1.71332868
2017-08,C_ID_9ffcad5943,5,2,1,-0.13587307
2016-11,C_ID_cbf898ba96,5,2,1,-1.00491796
2017-05,C_ID_7f1b61ca1e,1,3,0,0.42995099
2016-04,C_ID_2afd2f397a,2,2,0,0.61462654
2017-06,C_ID_b22a86e278,2,1,0,4.82704428
2017-08,C_ID_b1847e7ff1,2,3,0,3.11939307
2017-03,C_ID_216720e2c0,2,2,0,0
2017-09,C_ID_258ced5736,4,3,0,-0.37120588
2017-07,C_ID_2520a39735,3,2,1,-0.79255833
2017-10,C_ID_c284280ef3,2,1,0,0.97372763
2014-02,C_ID_97ecbc7310,3,3,1,-2.61205401
2017-11,C_ID_dc2e43d6e0,2,3,0,-0.49196965
2016-11,C_ID_2cab79a77f,2,2,0,-0.73444971
2014-07,C_ID_1ef9df85a4,3,3,1,-0.76332333
2017-09,C_ID_c89e4d7fec,3,1,1,-1.08965108
2016-09,C_ID_4924780f9e,5,2,1,-0.37599595
2017-08,C_ID_07fa9056fd,2,1,0,-1.16048825
2017-06,C_ID_9d902e450b,5,2,1,0.0261259
2016-04,C_ID_9c9b68bec6,3,3,1,2.97916995
2017-05,C_ID_dbec83a8de,4,3,0,0.22289248
2017-04,C_ID_0199a60015,4,3,0,1.57057183
2017-05,C_ID_435defc580,1,1,0,0.51504725
2017-07,C_ID_b6b431b7ef,2,2,0,-33.21928095
2017-06,C_ID_743d9dcce0,2,1,0,0.51571911
2017-12,C_ID_606c7e877d,5,2,1,-1.19246376
2017-06,C_ID_9da414c04a,3,1,1,0
2017-09,C_ID_48b672eacf,1,1,0,0.5471724
2017-12,C_ID_0f601fa50c,1,3,0,0.07563846
2016-03,C_ID_ba7ba09c3e,2,2,0,-0.32373259
2017-06,C_ID_c8a7a31c77,1,2,0,0.08686342
2016-11,C_ID_ea621c07c7,3,1,1,-0.09841075
2017-03,C_ID_d083cbb490,4,2,0,0.0114455
2017-12,C_ID_690532ea62,3,2,1,-0.72343672
2017-10,C_ID_e29943e1b7,3,2,1,-0.32181649
2017-12,C_ID_4499b84067,1,1,0,2.68636604
2017-11,C_ID_23b39d4f87,1,3,0,-0.35965938
2017-11,C_ID_9467159ef5,2,3,0,-1.61968196
2017-07,C_ID_47304550c1,4,1,0,0.29563164
2017-03,C_ID_16fd52c08b,3,1,1,-0.82145648
2017-03,C_ID_a26c55df3c,4,1,0,2.27165434
2016-07,C_ID_6a961a2203,5,1,1,0.48747482
2016-10,C_ID_89e1063c7b,3,2,1,1.99235012
2016-03,C_ID_abf7aa6409,3,3,1,-1.33107954
2014-07,C_ID_6d6685db58,3,3,1,2.07462338
2017-01,C_ID_5c1ded13c2,5,2,1,-0.38350086
2016-07,C_ID_0d6c864158,2,2,0,-3.67496436
2017-08,C_ID_38f1894d9a,5,2,1,0.38975102
2017-04,C_ID_a352075982,2,1,0,0.82640779
2016-06,C_ID_11d6d0320e,2,2,0,-0.6537967
2015-02,C_ID_5806738fc6,3,1,1,-0.4912588
2017-10,C_ID_c61b142e63,3,1,1,0.6215836
2015-12,C_ID_2325f899ac,5,1,1,-0.48322034
2017-12,C_ID_edb7eaf572,2,1,0,-0.22678088
2016-04,C_ID_8586275dbf,5,1,1,-4.75208122
2017-04,C_ID_b279206022,5,1,1,1.20431488
2016-12,C_ID_2ed2701005,3,2,1,1.23494131
2017-04,C_ID_dc4021ca5c,2,3,0,1.61830148
2017-03,C_ID_0cbe31f110,2,1,0,5.87018299
2017-08,C_ID_13843b15a2,3,2,1,-0.29396961
2015-12,C_ID_16e1a96d67,2,2,0,-0.37424967
2017-02,C_ID_44ce20723b,3,2,1,-1.28971973
2016-06,C_ID_54a4d2cd6b,2,2,0,-0.33179085
2017-07,C_ID_73e917b39f,1,1,0,1.05050088
2016-11,C_ID_5a6c753de2,3,2,1,-0.11009723
2016-10,C_ID_edc9c6dad8,2,2,0,0.61970443
2017-06,C_ID_b2b6c63e28,5,1,1,0.27981077
2017-12,C_ID_b8ca1ec76f,3,1,1,-0.32042712
2017-12,C_ID_977880b68d,5,1,1,0.59636096
2016-10,C_ID_fc1833b7d8,3,2,1,-0.03171265
2017-10,C_ID_8ed82cf2d5,3,3,1,-2.35058198
2014-10,C_ID_093d8300e3,3,1,1,-0.16217365
2014-05,C_ID_094fab14dd,3,1,1,-0.17324223
2017-03,C_ID_e0d0f3abf9,3,2,1,0.02776417
2017-06,C_ID_6124e127be,3,1,1,-1.10821274
2016-08,C_ID_e9e91ccc01,2,2,0,2.67791591
2017-08,C_ID_ee04be1c2b,2,3,0,-0.00985405
2015-05,C_ID_d5b94ab620,5,1,1,-0.10395911
